url,status,final_url,canonical,canonical_matches_url,robots,noindex,redirect,issue,confidence
/tools/ai-tools/ai-colorize-photo,200,https://pixaroid.vercel.app/tools/ai-tools/ai-colorize-photo/,https://pixaroid.vercel.app/tools/ai-tools/ai-colorize-photo/,yes,"index,follow,max-snippet:-1,max-image-preview:large,max-video-preview:-1",no,no,,high
/tools/ai-tools/ai-image-sharpener,200,https://pixaroid.vercel.app/tools/ai-tools/ai-image-sharpener/,https://pixaroid.vercel.app/tools/ai-tools/ai-image-sharpener/,yes,"index,follow,max-snippet:-1,max-image-preview:large,max-video-preview:-1",no,no,,high
/tools/ai-tools/background-remover,200,https://pixaroid.vercel.app/tools/ai-tools/background-remover/,https://pixaroid.vercel.app/tools/ai-tools/background-remover/,yes,"index,follow,max-snippet:-1,max-image-preview:large,max-video-preview:-1",no,no,,high
/tools/ai-tools/convert-image-to-text,200,https://pixaroid.vercel.app/tools/ai-tools/convert-image-to-text/,https://pixaroid.vercel.app/tools/ai-tools/convert-image-to-text/,yes,"index,follow",no,no,,high
/tools/ai-tools/enhance-photo-online,200,https://pixaroid.vercel.app/tools/ai-tools/enhance-photo-online/,https://pixaroid.vercel.app/tools/ai-tools/photo-enhancer/,no,"index,follow",no,no,cross_canonical,high
/tools/ai-tools/enlarge-image-without-losing-quality,200,https://pixaroid.vercel.app/tools/ai-tools/enlarge-image-without-losing-quality/,https://pixaroid.vercel.app/tools/ai-tools/image-upscaler/,no,"index,follow",no,no,cross_canonical,high
/tools/ai-tools/image-to-text-extractor,200,https://pixaroid.vercel.app/tools/ai-tools/image-to-text-extractor/,https://pixaroid.vercel.app/tools/ai-tools/image-to-text-ocr/,no,"index,follow",no,no,cross_canonical,high
/tools/ai-tools/image-to-text-ocr,200,https://pixaroid.vercel.app/tools/ai-tools/image-to-text-ocr/,https://pixaroid.vercel.app/tools/ai-tools/image-to-text-ocr/,yes,"index,follow,max-snippet:-1,max-image-preview:large,max-video-preview:-1",no,no,,high
/tools/ai-tools/image-upscaler,200,https://pixaroid.vercel.app/tools/ai-tools/image-upscaler/,https://pixaroid.vercel.app/tools/ai-tools/image-upscaler/,yes,"index,follow,max-snippet:-1,max-image-preview:large,max-video-preview:-1",no,no,,high
/tools/ai-tools,200,https://pixaroid.vercel.app/tools/ai-tools/,https://pixaroid.vercel.app/tools/ai-tools/,yes,,no,no,,high
/tools/ai-tools/photo-enhancer,200,https://pixaroid.vercel.app/tools/ai-tools/photo-enhancer/,https://pixaroid.vercel.app/tools/ai-tools/photo-enhancer/,yes,"index,follow,max-snippet:-1,max-image-preview:large,max-video-preview:-1",no,no,,high
/tools/ai-tools/remove-background-from-image,200,https://pixaroid.vercel.app/tools/ai-tools/remove-background-from-image/,https://pixaroid.vercel.app/tools/ai-tools/background-remover/,no,"index,follow",no,no,cross_canonical,high
/tools/ai-tools/remove-background-online-free,200,https://pixaroid.vercel.app/tools/ai-tools/remove-background-online-free/,https://pixaroid.vercel.app/tools/ai-tools/background-remover/,no,"index,follow",no,no,cross_canonical,high
/tools/ai-tools/remove-white-background,200,https://pixaroid.vercel.app/tools/ai-tools/remove-white-background/,https://pixaroid.vercel.app/tools/ai-tools/background-remover/,no,"index,follow",no,no,cross_canonical,high
/tools/ai-tools/upscale-image-online,200,https://pixaroid.vercel.app/tools/ai-tools/upscale-image-online/,https://pixaroid.vercel.app/tools/ai-tools/image-upscaler/,no,"index,follow",no,no,cross_canonical,high
/tools/compression/best-image-compressor,200,https://pixaroid.vercel.app/tools/compression/best-image-compressor/,https://pixaroid.vercel.app/tools/compression/best-image-compressor/,yes,"index,follow,max-snippet:-1,max-image-preview:large",no,no,,high
/tools/compression/compress-image,200,https://pixaroid.vercel.app/tools/compression/compress-image/,https://pixaroid.vercel.app/tools/compression/compress-image/,yes,"index,follow,max-snippet:-1,max-image-preview:large,max-video-preview:-1",no,no,,high
/tools/compression/compress-image-50-percent,200,https://pixaroid.vercel.app/tools/compression/compress-image-50-percent/,https://pixaroid.vercel.app/tools/compression/compress-image-50-percent/,yes,"index,follow,max-snippet:-1,max-image-preview:large",no,no,,high
/tools/compression/compress-image-for-amazon,200,https://pixaroid.vercel.app/tools/compression/compress-image-for-amazon/,https://pixaroid.vercel.app/tools/compression/compress-image-for-amazon/,yes,"index,follow,max-snippet:-1,max-image-preview:large",no,no,,high
/tools/compression/compress-image-for-email,200,https://pixaroid.vercel.app/tools/compression/compress-image-for-email/,https://pixaroid.vercel.app/tools/compression/compress-image-for-email/,yes,"index,follow",no,no,,high
/tools/compression/compress-image-for-facebook,200,https://pixaroid.vercel.app/tools/compression/compress-image-for-facebook/,https://pixaroid.vercel.app/tools/compression/compress-image-for-facebook/,yes,"index,follow,max-snippet:-1,max-image-preview:large",no,no,,high
/tools/compression/compress-image-for-google-docs,200,https://pixaroid.vercel.app/tools/compression/compress-image-for-google-docs/,https://pixaroid.vercel.app/tools/compression/compress-image-for-google-docs/,yes,"index,follow,max-snippet:-1,max-image-preview:large",no,no,,high
/tools/compression/compress-image-for-google-photos,200,https://pixaroid.vercel.app/tools/compression/compress-image-for-google-photos/,https://pixaroid.vercel.app/tools/compression/compress-image-for-google-photos/,yes,"index,follow,max-snippet:-1,max-image-preview:large",no,no,,high
/tools/compression/compress-image-for-instagram,200,https://pixaroid.vercel.app/tools/compression/compress-image-for-instagram/,https://pixaroid.vercel.app/tools/compression/compress-image-for-instagram/,yes,"index,follow",no,no,,high
/tools/compression/compress-image-for-linkedin,200,https://pixaroid.vercel.app/tools/compression/compress-image-for-linkedin/,https://pixaroid.vercel.app/tools/compression/compress-image-for-linkedin/,yes,"index,follow,max-snippet:-1,max-image-preview:large",no,no,,high
/tools/compression/compress-image-for-outlook,200,https://pixaroid.vercel.app/tools/compression/compress-image-for-outlook/,https://pixaroid.vercel.app/tools/compression/compress-image-for-outlook/,yes,"index,follow,max-snippet:-1,max-image-preview:large",no,no,,high
/tools/compression/compress-image-for-passport,200,https://pixaroid.vercel.app/tools/compression/compress-image-for-passport/,https://pixaroid.vercel.app/tools/compression/compress-image-for-passport/,yes,"index,follow,max-snippet:-1,max-image-preview:large",no,no,,high
/tools/compression/compress-image-for-powerpoint,200,https://pixaroid.vercel.app/tools/compression/compress-image-for-powerpoint/,https://pixaroid.vercel.app/tools/compression/compress-image-for-powerpoint/,yes,"index,follow,max-snippet:-1,max-image-preview:large",no,no,,high
/tools/compression/compress-image-for-print,200,https://pixaroid.vercel.app/tools/compression/compress-image-for-print/,https://pixaroid.vercel.app/tools/compression/compress-image-for-print/,yes,"index,follow,max-snippet:-1,max-image-preview:large",no,no,,high
/tools/compression/compress-image-for-resume,200,https://pixaroid.vercel.app/tools/compression/compress-image-for-resume/,https://pixaroid.vercel.app/tools/compression/compress-image-for-resume/,yes,"index,follow,max-snippet:-1,max-image-preview:large",no,no,,high
/tools/compression/compress-image-for-shopify,200,https://pixaroid.vercel.app/tools/compression/compress-image-for-shopify/,https://pixaroid.vercel.app/tools/compression/compress-image-for-shopify/,yes,"index,follow,max-snippet:-1,max-image-preview:large",no,no,,high
/tools/compression/compress-image-for-tiktok,200,https://pixaroid.vercel.app/tools/compression/compress-image-for-tiktok/,https://pixaroid.vercel.app/tools/compression/compress-image-for-tiktok/,yes,"index,follow,max-snippet:-1,max-image-preview:large",no,no,,high
/tools/compression/compress-image-for-twitter,200,https://pixaroid.vercel.app/tools/compression/compress-image-for-twitter/,https://pixaroid.vercel.app/tools/compression/compress-image-for-twitter/,yes,"index,follow,max-snippet:-1,max-image-preview:large",no,no,,high
/tools/compression/compress-image-for-website,200,https://pixaroid.vercel.app/tools/compression/compress-image-for-website/,https://pixaroid.vercel.app/tools/compression/compress-image-for-website/,yes,"index,follow",no,no,,high
/tools/compression/compress-image-for-whatsapp,200,https://pixaroid.vercel.app/tools/compression/compress-image-for-whatsapp/,https://pixaroid.vercel.app/tools/compression/compress-image-for-whatsapp/,yes,"index,follow",no,no,,high
/tools/compression/compress-image-for-wordpress,200,https://pixaroid.vercel.app/tools/compression/compress-image-for-wordpress/,https://pixaroid.vercel.app/tools/compression/compress-image-for-wordpress/,yes,"index,follow,max-snippet:-1,max-image-preview:large",no,no,,high
/tools/compression/compress-image-for-youtube,200,https://pixaroid.vercel.app/tools/compression/compress-image-for-youtube/,https://pixaroid.vercel.app/tools/compression/compress-image-for-youtube/,yes,"index,follow,max-snippet:-1,max-image-preview:large",no,no,,high
/tools/compression/compress-image-for-zoom,200,https://pixaroid.vercel.app/tools/compression/compress-image-for-zoom/,https://pixaroid.vercel.app/tools/compression/compress-image-for-zoom/,yes,"index,follow,max-snippet:-1,max-image-preview:large",no,no,,high
/tools/compression/compress-image-high-quality,200,https://pixaroid.vercel.app/tools/compression/compress-image-high-quality/,https://pixaroid.vercel.app/tools/compression/compress-image-high-quality/,yes,"index,follow,max-snippet:-1,max-image-preview:large",no,no,,high
/tools/compression/compress-image-mobile,200,https://pixaroid.vercel.app/tools/compression/compress-image-mobile/,https://pixaroid.vercel.app/tools/compression/compress-image-mobile/,yes,"index,follow,max-snippet:-1,max-image-preview:large",no,no,,high
/tools/compression/compress-image-online-free,200,https://pixaroid.vercel.app/tools/compression/compress-image-online-free/,https://pixaroid.vercel.app/tools/compression/compress-image-online-free/,yes,"index,follow",no,no,,high
/tools/compression/compress-image-to-100kb,200,https://pixaroid.vercel.app/tools/compression/compress-image-to-100kb/,https://pixaroid.vercel.app/tools/compression/compress-image-to-100kb/,yes,"index,follow,max-snippet:-1,max-image-preview:large,max-video-preview:-1",no,no,,high
/tools/compression/compress-image-to-10kb,200,https://pixaroid.vercel.app/tools/compression/compress-image-to-10kb/,https://pixaroid.vercel.app/tools/compression/compress-image-to-10kb/,yes,"index,follow",no,no,,high
/tools/compression/compress-image-to-120kb,200,https://pixaroid.vercel.app/tools/compression/compress-image-to-120kb/,https://pixaroid.vercel.app/tools/compression/compress-image-to-120kb/,yes,"index,follow",no,no,,high
/tools/compression/compress-image-to-150kb,200,https://pixaroid.vercel.app/tools/compression/compress-image-to-150kb/,https://pixaroid.vercel.app/tools/compression/compress-image-to-150kb/,yes,"index,follow",no,no,,high
/tools/compression/compress-image-to-15kb,200,https://pixaroid.vercel.app/tools/compression/compress-image-to-15kb/,https://pixaroid.vercel.app/tools/compression/compress-image-to-15kb/,yes,"index,follow",no,no,,high
/tools/compression/compress-image-to-1mb,200,https://pixaroid.vercel.app/tools/compression/compress-image-to-1mb/,https://pixaroid.vercel.app/tools/compression/compress-image-to-1mb/,yes,"index,follow,max-snippet:-1,max-image-preview:large,max-video-preview:-1",no,no,,high
/tools/compression/compress-image-to-200kb,200,https://pixaroid.vercel.app/tools/compression/compress-image-to-200kb/,https://pixaroid.vercel.app/tools/compression/compress-image-to-200kb/,yes,"index,follow,max-snippet:-1,max-image-preview:large,max-video-preview:-1",no,no,,high
/tools/compression/compress-image-to-20kb,200,https://pixaroid.vercel.app/tools/compression/compress-image-to-20kb/,https://pixaroid.vercel.app/tools/compression/compress-image-to-20kb/,yes,"index,follow,max-snippet:-1,max-image-preview:large,max-video-preview:-1",no,no,,high
/tools/compression/compress-image-to-250kb,200,https://pixaroid.vercel.app/tools/compression/compress-image-to-250kb/,https://pixaroid.vercel.app/tools/compression/compress-image-to-250kb/,yes,"index,follow",no,no,,high
/tools/compression/compress-image-to-25kb,200,https://pixaroid.vercel.app/tools/compression/compress-image-to-25kb/,https://pixaroid.vercel.app/tools/compression/compress-image-to-25kb/,yes,"index,follow",no,no,,high
/tools/compression/compress-image-to-2mb,200,https://pixaroid.vercel.app/tools/compression/compress-image-to-2mb/,https://pixaroid.vercel.app/tools/compression/compress-image-to-2mb/,yes,"index,follow,max-snippet:-1,max-image-preview:large,max-video-preview:-1",no,no,,high
/tools/compression/compress-image-to-300kb,200,https://pixaroid.vercel.app/tools/compression/compress-image-to-300kb/,https://pixaroid.vercel.app/tools/compression/compress-image-to-300kb/,yes,"index,follow",no,no,,high
/tools/compression/compress-image-to-30kb,200,https://pixaroid.vercel.app/tools/compression/compress-image-to-30kb/,https://pixaroid.vercel.app/tools/compression/compress-image-to-30kb/,yes,"index,follow",no,no,,high
/tools/compression/compress-image-to-400kb,200,https://pixaroid.vercel.app/tools/compression/compress-image-to-400kb/,https://pixaroid.vercel.app/tools/compression/compress-image-to-400kb/,yes,"index,follow",no,no,,high
/tools/compression/compress-image-to-40kb,200,https://pixaroid.vercel.app/tools/compression/compress-image-to-40kb/,https://pixaroid.vercel.app/tools/compression/compress-image-to-40kb/,yes,"index,follow",no,no,,high
/tools/compression/compress-image-to-500kb,200,https://pixaroid.vercel.app/tools/compression/compress-image-to-500kb/,https://pixaroid.vercel.app/tools/compression/compress-image-to-500kb/,yes,"index,follow,max-snippet:-1,max-image-preview:large,max-video-preview:-1",no,no,,high
/tools/compression/compress-image-to-50kb,200,https://pixaroid.vercel.app/tools/compression/compress-image-to-50kb/,https://pixaroid.vercel.app/tools/compression/compress-image-to-50kb/,yes,"index,follow,max-snippet:-1,max-image-preview:large,max-video-preview:-1",no,no,,high
/tools/compression/compress-image-to-5mb,200,https://pixaroid.vercel.app/tools/compression/compress-image-to-5mb/,https://pixaroid.vercel.app/tools/compression/compress-image-to-5mb/,yes,"index,follow,max-snippet:-1,max-image-preview:large",no,no,,high
/tools/compression/compress-image-to-60kb,200,https://pixaroid.vercel.app/tools/compression/compress-image-to-60kb/,https://pixaroid.vercel.app/tools/compression/compress-image-to-60kb/,yes,"index,follow",no,no,,high
/tools/compression/compress-image-to-70kb,200,https://pixaroid.vercel.app/tools/compression/compress-image-to-70kb/,https://pixaroid.vercel.app/tools/compression/compress-image-to-70kb/,yes,"index,follow",no,no,,high
/tools/compression/compress-image-to-80kb,200,https://pixaroid.vercel.app/tools/compression/compress-image-to-80kb/,https://pixaroid.vercel.app/tools/compression/compress-image-to-80kb/,yes,"index,follow",no,no,,high
/tools/compression/compress-image-without-losing-quality,200,https://pixaroid.vercel.app/tools/compression/compress-image-without-losing-quality/,https://pixaroid.vercel.app/tools/compression/compress-image-without-losing-quality/,yes,"index,follow",no,no,,high
/tools/compression/compress-jpeg-to-100kb,200,https://pixaroid.vercel.app/tools/compression/compress-jpeg-to-100kb/,https://pixaroid.vercel.app/tools/compression/compress-jpeg-to-100kb/,yes,"index,follow,max-snippet:-1,max-image-preview:large,max-video-preview:-1",no,no,,high
/tools/compression/compress-jpeg-to-10kb,200,https://pixaroid.vercel.app/tools/compression/compress-jpeg-to-10kb/,https://pixaroid.vercel.app/tools/compression/compress-jpeg-to-10kb/,yes,"index,follow,max-snippet:-1,max-image-preview:large,max-video-preview:-1",no,no,,high
/tools/compression/compress-jpeg-to-120kb,200,https://pixaroid.vercel.app/tools/compression/compress-jpeg-to-120kb/,https://pixaroid.vercel.app/tools/compression/compress-jpeg-to-120kb/,yes,"index,follow,max-snippet:-1,max-image-preview:large,max-video-preview:-1",no,no,,high
/tools/compression/compress-jpeg-to-150kb,200,https://pixaroid.vercel.app/tools/compression/compress-jpeg-to-150kb/,https://pixaroid.vercel.app/tools/compression/compress-jpeg-to-150kb/,yes,"index,follow,max-snippet:-1,max-image-preview:large,max-video-preview:-1",no,no,,high
/tools/compression/compress-jpeg-to-15kb,200,https://pixaroid.vercel.app/tools/compression/compress-jpeg-to-15kb/,https://pixaroid.vercel.app/tools/compression/compress-jpeg-to-15kb/,yes,"index,follow,max-snippet:-1,max-image-preview:large,max-video-preview:-1",no,no,,high
/tools/compression/compress-jpeg-to-180kb,200,https://pixaroid.vercel.app/tools/compression/compress-jpeg-to-180kb/,https://pixaroid.vercel.app/tools/compression/compress-jpeg-to-180kb/,yes,"index,follow,max-snippet:-1,max-image-preview:large,max-video-preview:-1",no,no,,high
/tools/compression/compress-jpeg-to-200kb,200,https://pixaroid.vercel.app/tools/compression/compress-jpeg-to-200kb/,https://pixaroid.vercel.app/tools/compression/compress-jpeg-to-200kb/,yes,"index,follow,max-snippet:-1,max-image-preview:large,max-video-preview:-1",no,no,,high
/tools/compression/compress-jpeg-to-20kb,200,https://pixaroid.vercel.app/tools/compression/compress-jpeg-to-20kb/,https://pixaroid.vercel.app/tools/compression/compress-jpeg-to-20kb/,yes,"index,follow,max-snippet:-1,max-image-preview:large,max-video-preview:-1",no,no,,high
/tools/compression/compress-jpeg-to-250kb,200,https://pixaroid.vercel.app/tools/compression/compress-jpeg-to-250kb/,https://pixaroid.vercel.app/tools/compression/compress-jpeg-to-250kb/,yes,"index,follow,max-snippet:-1,max-image-preview:large,max-video-preview:-1",no,no,,high
/tools/compression/compress-jpeg-to-25kb,200,https://pixaroid.vercel.app/tools/compression/compress-jpeg-to-25kb/,https://pixaroid.vercel.app/tools/compression/compress-jpeg-to-25kb/,yes,"index,follow,max-snippet:-1,max-image-preview:large,max-video-preview:-1",no,no,,high
/tools/compression/compress-jpeg-to-300kb,200,https://pixaroid.vercel.app/tools/compression/compress-jpeg-to-300kb/,https://pixaroid.vercel.app/tools/compression/compress-jpeg-to-300kb/,yes,"index,follow,max-snippet:-1,max-image-preview:large,max-video-preview:-1",no,no,,high
/tools/compression/compress-jpeg-to-30kb,200,https://pixaroid.vercel.app/tools/compression/compress-jpeg-to-30kb/,https://pixaroid.vercel.app/tools/compression/compress-jpeg-to-30kb/,yes,"index,follow,max-snippet:-1,max-image-preview:large,max-video-preview:-1",no,no,,high
/tools/compression/compress-jpeg-to-35kb,200,https://pixaroid.vercel.app/tools/compression/compress-jpeg-to-35kb/,https://pixaroid.vercel.app/tools/compression/compress-jpeg-to-35kb/,yes,"index,follow,max-snippet:-1,max-image-preview:large,max-video-preview:-1",no,no,,high
/tools/compression/compress-jpeg-to-400kb,200,https://pixaroid.vercel.app/tools/compression/compress-jpeg-to-400kb/,https://pixaroid.vercel.app/tools/compression/compress-jpeg-to-400kb/,yes,"index,follow,max-snippet:-1,max-image-preview:large,max-video-preview:-1",no,no,,high
/tools/compression/compress-jpeg-to-40kb,200,https://pixaroid.vercel.app/tools/compression/compress-jpeg-to-40kb/,https://pixaroid.vercel.app/tools/compression/compress-jpeg-to-40kb/,yes,"index,follow,max-snippet:-1,max-image-preview:large,max-video-preview:-1",no,no,,high
/tools/compression/compress-jpeg-to-45kb,200,https://pixaroid.vercel.app/tools/compression/compress-jpeg-to-45kb/,https://pixaroid.vercel.app/tools/compression/compress-jpeg-to-45kb/,yes,"index,follow,max-snippet:-1,max-image-preview:large,max-video-preview:-1",no,no,,high
/tools/compression/compress-jpeg-to-500kb,200,https://pixaroid.vercel.app/tools/compression/compress-jpeg-to-500kb/,https://pixaroid.vercel.app/tools/compression/compress-jpeg-to-500kb/,yes,"index,follow,max-snippet:-1,max-image-preview:large,max-video-preview:-1",no,no,,high
/tools/compression/compress-jpeg-to-50kb,200,https://pixaroid.vercel.app/tools/compression/compress-jpeg-to-50kb/,https://pixaroid.vercel.app/tools/compression/compress-jpeg-to-50kb/,yes,"index,follow,max-snippet:-1,max-image-preview:large,max-video-preview:-1",no,no,,high
/tools/compression/compress-jpeg-to-5kb,200,https://pixaroid.vercel.app/tools/compression/compress-jpeg-to-5kb/,https://pixaroid.vercel.app/tools/compression/compress-jpeg-to-5kb/,yes,"index,follow,max-snippet:-1,max-image-preview:large,max-video-preview:-1",no,no,,high
/tools/compression/compress-jpeg-to-60kb,200,https://pixaroid.vercel.app/tools/compression/compress-jpeg-to-60kb/,https://pixaroid.vercel.app/tools/compression/compress-jpeg-to-60kb/,yes,"index,follow,max-snippet:-1,max-image-preview:large,max-video-preview:-1",no,no,,high
/tools/compression/compress-jpeg-to-70kb,200,https://pixaroid.vercel.app/tools/compression/compress-jpeg-to-70kb/,https://pixaroid.vercel.app/tools/compression/compress-jpeg-to-70kb/,yes,"index,follow,max-snippet:-1,max-image-preview:large,max-video-preview:-1",no,no,,high
/tools/compression/compress-jpeg-to-80kb,200,https://pixaroid.vercel.app/tools/compression/compress-jpeg-to-80kb/,https://pixaroid.vercel.app/tools/compression/compress-jpeg-to-80kb/,yes,"index,follow,max-snippet:-1,max-image-preview:large,max-video-preview:-1",no,no,,high
/tools/compression/compress-jpeg-to-90kb,200,https://pixaroid.vercel.app/tools/compression/compress-jpeg-to-90kb/,https://pixaroid.vercel.app/tools/compression/compress-jpeg-to-90kb/,yes,"index,follow,max-snippet:-1,max-image-preview:large,max-video-preview:-1",no,no,,high
/tools/compression/compress-jpg-online,200,https://pixaroid.vercel.app/tools/compression/compress-jpg-online/,https://pixaroid.vercel.app/tools/compression/compress-jpg-online/,yes,"index,follow",no,no,,high
/tools/compression/compress-jpg-to-100kb,200,https://pixaroid.vercel.app/tools/compression/compress-jpg-to-100kb/,https://pixaroid.vercel.app/tools/compression/compress-jpg-to-100kb/,yes,"index,follow",no,no,,high
/tools/compression/compress-jpg-to-10kb,200,https://pixaroid.vercel.app/tools/compression/compress-jpg-to-10kb/,https://pixaroid.vercel.app/tools/compression/compress-jpg-to-10kb/,yes,"index,follow",no,no,,high
/tools/compression/compress-jpg-to-120kb,200,https://pixaroid.vercel.app/tools/compression/compress-jpg-to-120kb/,https://pixaroid.vercel.app/tools/compression/compress-jpg-to-120kb/,yes,"index,follow",no,no,,high
/tools/compression/compress-jpg-to-150kb,200,https://pixaroid.vercel.app/tools/compression/compress-jpg-to-150kb/,https://pixaroid.vercel.app/tools/compression/compress-jpg-to-150kb/,yes,"index,follow",no,no,,high
/tools/compression/compress-jpg-to-15kb,200,https://pixaroid.vercel.app/tools/compression/compress-jpg-to-15kb/,https://pixaroid.vercel.app/tools/compression/compress-jpg-to-15kb/,yes,"index,follow",no,no,,high
/tools/compression/compress-jpg-to-180kb,200,https://pixaroid.vercel.app/tools/compression/compress-jpg-to-180kb/,https://pixaroid.vercel.app/tools/compression/compress-jpg-to-180kb/,yes,"index,follow,max-snippet:-1,max-image-preview:large",no,no,,high
/tools/compression/compress-jpg-to-200kb,200,https://pixaroid.vercel.app/tools/compression/compress-jpg-to-200kb/,https://pixaroid.vercel.app/tools/compression/compress-jpg-to-200kb/,yes,"index,follow",no,no,,high
/tools/compression/compress-jpg-to-20kb,200,https://pixaroid.vercel.app/tools/compression/compress-jpg-to-20kb/,https://pixaroid.vercel.app/tools/compression/compress-jpg-to-20kb/,yes,"index,follow",no,no,,high
/tools/compression/compress-jpg-to-250kb,200,https://pixaroid.vercel.app/tools/compression/compress-jpg-to-250kb/,https://pixaroid.vercel.app/tools/compression/compress-jpg-to-250kb/,yes,"index,follow",no,no,,high
/tools/compression/compress-jpg-to-25kb,200,https://pixaroid.vercel.app/tools/compression/compress-jpg-to-25kb/,https://pixaroid.vercel.app/tools/compression/compress-jpg-to-25kb/,yes,"index,follow",no,no,,high
/tools/compression/compress-jpg-to-300kb,200,https://pixaroid.vercel.app/tools/compression/compress-jpg-to-300kb/,https://pixaroid.vercel.app/tools/compression/compress-jpg-to-300kb/,yes,"index,follow",no,no,,high
/tools/compression/compress-jpg-to-30kb,200,https://pixaroid.vercel.app/tools/compression/compress-jpg-to-30kb/,https://pixaroid.vercel.app/tools/compression/compress-jpg-to-30kb/,yes,"index,follow",no,no,,high
/tools/compression/compress-jpg-to-35kb,200,https://pixaroid.vercel.app/tools/compression/compress-jpg-to-35kb/,https://pixaroid.vercel.app/tools/compression/compress-jpg-to-35kb/,yes,"index,follow,max-snippet:-1,max-image-preview:large",no,no,,high
/tools/compression/compress-jpg-to-400kb,200,https://pixaroid.vercel.app/tools/compression/compress-jpg-to-400kb/,https://pixaroid.vercel.app/tools/compression/compress-jpg-to-400kb/,yes,"index,follow",no,no,,high
/tools/compression/compress-jpg-to-40kb,200,https://pixaroid.vercel.app/tools/compression/compress-jpg-to-40kb/,https://pixaroid.vercel.app/tools/compression/compress-jpg-to-40kb/,yes,"index,follow",no,no,,high
/tools/compression/compress-jpg-to-45kb,200,https://pixaroid.vercel.app/tools/compression/compress-jpg-to-45kb/,https://pixaroid.vercel.app/tools/compression/compress-jpg-to-45kb/,yes,"index,follow,max-snippet:-1,max-image-preview:large",no,no,,high
/tools/compression/compress-jpg-to-500kb,200,https://pixaroid.vercel.app/tools/compression/compress-jpg-to-500kb/,https://pixaroid.vercel.app/tools/compression/compress-jpg-to-500kb/,yes,"index,follow",no,no,,high
/tools/compression/compress-jpg-to-50kb,200,https://pixaroid.vercel.app/tools/compression/compress-jpg-to-50kb/,https://pixaroid.vercel.app/tools/compression/compress-jpg-to-50kb/,yes,"index,follow",no,no,,high
/tools/compression/compress-jpg-to-5kb,200,https://pixaroid.vercel.app/tools/compression/compress-jpg-to-5kb/,https://pixaroid.vercel.app/tools/compression/compress-jpg-to-5kb/,yes,"index,follow,max-snippet:-1,max-image-preview:large",no,no,,high
/tools/compression/compress-jpg-to-60kb,200,https://pixaroid.vercel.app/tools/compression/compress-jpg-to-60kb/,https://pixaroid.vercel.app/tools/compression/compress-jpg-to-60kb/,yes,"index,follow",no,no,,high
/tools/compression/compress-jpg-to-70kb,200,https://pixaroid.vercel.app/tools/compression/compress-jpg-to-70kb/,https://pixaroid.vercel.app/tools/compression/compress-jpg-to-70kb/,yes,"index,follow",no,no,,high
/tools/compression/compress-jpg-to-80kb,200,https://pixaroid.vercel.app/tools/compression/compress-jpg-to-80kb/,https://pixaroid.vercel.app/tools/compression/compress-jpg-to-80kb/,yes,"index,follow",no,no,,high
/tools/compression/compress-jpg-to-90kb,200,https://pixaroid.vercel.app/tools/compression/compress-jpg-to-90kb/,https://pixaroid.vercel.app/tools/compression/compress-jpg-to-90kb/,yes,"index,follow,max-snippet:-1,max-image-preview:large",no,no,,high
/tools/compression/compress-large-image,200,https://pixaroid.vercel.app/tools/compression/compress-large-image/,https://pixaroid.vercel.app/tools/compression/compress-large-image/,yes,"index,follow,max-snippet:-1,max-image-preview:large",no,no,,high
/tools/compression/compress-photo-for-passport,200,https://pixaroid.vercel.app/tools/compression/compress-photo-for-passport/,https://pixaroid.vercel.app/tools/compression/compress-photo-for-passport/,yes,"index,follow",no,no,,high
/tools/compression/compress-png-to-100kb,200,https://pixaroid.vercel.app/tools/compression/compress-png-to-100kb/,https://pixaroid.vercel.app/tools/compression/compress-png-to-100kb/,yes,"index,follow",no,no,,high
/tools/compression/compress-png-to-10kb,200,https://pixaroid.vercel.app/tools/compression/compress-png-to-10kb/,https://pixaroid.vercel.app/tools/compression/compress-png-to-10kb/,yes,"index,follow",no,no,,high
/tools/compression/compress-png-to-120kb,200,https://pixaroid.vercel.app/tools/compression/compress-png-to-120kb/,https://pixaroid.vercel.app/tools/compression/compress-png-to-120kb/,yes,"index,follow",no,no,,high
/tools/compression/compress-png-to-150kb,200,https://pixaroid.vercel.app/tools/compression/compress-png-to-150kb/,https://pixaroid.vercel.app/tools/compression/compress-png-to-150kb/,yes,"index,follow",no,no,,high
/tools/compression/compress-png-to-15kb,200,https://pixaroid.vercel.app/tools/compression/compress-png-to-15kb/,https://pixaroid.vercel.app/tools/compression/compress-png-to-15kb/,yes,"index,follow",no,no,,high
/tools/compression/compress-png-to-180kb,200,https://pixaroid.vercel.app/tools/compression/compress-png-to-180kb/,https://pixaroid.vercel.app/tools/compression/compress-png-to-180kb/,yes,"index,follow,max-snippet:-1,max-image-preview:large",no,no,,high
/tools/compression/compress-png-to-200kb,200,https://pixaroid.vercel.app/tools/compression/compress-png-to-200kb/,https://pixaroid.vercel.app/tools/compression/compress-png-to-200kb/,yes,"index,follow",no,no,,high
/tools/compression/compress-png-to-20kb,200,https://pixaroid.vercel.app/tools/compression/compress-png-to-20kb/,https://pixaroid.vercel.app/tools/compression/compress-png-to-20kb/,yes,"index,follow",no,no,,high
/tools/compression/compress-png-to-250kb,200,https://pixaroid.vercel.app/tools/compression/compress-png-to-250kb/,https://pixaroid.vercel.app/tools/compression/compress-png-to-250kb/,yes,"index,follow",no,no,,high
/tools/compression/compress-png-to-25kb,200,https://pixaroid.vercel.app/tools/compression/compress-png-to-25kb/,https://pixaroid.vercel.app/tools/compression/compress-png-to-25kb/,yes,"index,follow",no,no,,high
/tools/compression/compress-png-to-300kb,200,https://pixaroid.vercel.app/tools/compression/compress-png-to-300kb/,https://pixaroid.vercel.app/tools/compression/compress-png-to-300kb/,yes,"index,follow",no,no,,high
/tools/compression/compress-png-to-30kb,200,https://pixaroid.vercel.app/tools/compression/compress-png-to-30kb/,https://pixaroid.vercel.app/tools/compression/compress-png-to-30kb/,yes,"index,follow",no,no,,high
/tools/compression/compress-png-to-35kb,200,https://pixaroid.vercel.app/tools/compression/compress-png-to-35kb/,https://pixaroid.vercel.app/tools/compression/compress-png-to-35kb/,yes,"index,follow,max-snippet:-1,max-image-preview:large",no,no,,high
/tools/compression/compress-png-to-400kb,200,https://pixaroid.vercel.app/tools/compression/compress-png-to-400kb/,https://pixaroid.vercel.app/tools/compression/compress-png-to-400kb/,yes,"index,follow",no,no,,high
/tools/compression/compress-png-to-40kb,200,https://pixaroid.vercel.app/tools/compression/compress-png-to-40kb/,https://pixaroid.vercel.app/tools/compression/compress-png-to-40kb/,yes,"index,follow",no,no,,high
/tools/compression/compress-png-to-45kb,200,https://pixaroid.vercel.app/tools/compression/compress-png-to-45kb/,https://pixaroid.vercel.app/tools/compression/compress-png-to-45kb/,yes,"index,follow,max-snippet:-1,max-image-preview:large",no,no,,high
/tools/compression/compress-png-to-500kb,200,https://pixaroid.vercel.app/tools/compression/compress-png-to-500kb/,https://pixaroid.vercel.app/tools/compression/compress-png-to-500kb/,yes,"index,follow",no,no,,high
/tools/compression/compress-png-to-50kb,200,https://pixaroid.vercel.app/tools/compression/compress-png-to-50kb/,https://pixaroid.vercel.app/tools/compression/compress-png-to-50kb/,yes,"index,follow",no,no,,high
/tools/compression/compress-png-to-5kb,200,https://pixaroid.vercel.app/tools/compression/compress-png-to-5kb/,https://pixaroid.vercel.app/tools/compression/compress-png-to-5kb/,yes,"index,follow,max-snippet:-1,max-image-preview:large",no,no,,high
/tools/compression/compress-png-to-60kb,200,https://pixaroid.vercel.app/tools/compression/compress-png-to-60kb/,https://pixaroid.vercel.app/tools/compression/compress-png-to-60kb/,yes,"index,follow",no,no,,high
/tools/compression/compress-png-to-70kb,200,https://pixaroid.vercel.app/tools/compression/compress-png-to-70kb/,https://pixaroid.vercel.app/tools/compression/compress-png-to-70kb/,yes,"index,follow",no,no,,high
/tools/compression/compress-png-to-80kb,200,https://pixaroid.vercel.app/tools/compression/compress-png-to-80kb/,https://pixaroid.vercel.app/tools/compression/compress-png-to-80kb/,yes,"index,follow",no,no,,high
/tools/compression/compress-png-to-90kb,200,https://pixaroid.vercel.app/tools/compression/compress-png-to-90kb/,https://pixaroid.vercel.app/tools/compression/compress-png-to-90kb/,yes,"index,follow,max-snippet:-1,max-image-preview:large",no,no,,high
/tools/compression/compress-png-to-jpg-online,200,https://pixaroid.vercel.app/tools/compression/compress-png-to-jpg-online/,https://pixaroid.vercel.app/tools/compression/compress-png-to-jpg-online/,yes,"index,follow,max-snippet:-1,max-image-preview:large",no,no,,high
/tools/compression/compress-png-without-losing-quality,200,https://pixaroid.vercel.app/tools/compression/compress-png-without-losing-quality/,https://pixaroid.vercel.app/tools/compression/compress-png-without-losing-quality/,yes,"index,follow",no,no,,high
/tools/compression/compress-webp-to-100kb,200,https://pixaroid.vercel.app/tools/compression/compress-webp-to-100kb/,https://pixaroid.vercel.app/tools/compression/compress-webp-to-100kb/,yes,"index,follow",no,no,,high
/tools/compression/compress-webp-to-10kb,200,https://pixaroid.vercel.app/tools/compression/compress-webp-to-10kb/,https://pixaroid.vercel.app/tools/compression/compress-webp-to-10kb/,yes,"index,follow",no,no,,high
/tools/compression/compress-webp-to-120kb,200,https://pixaroid.vercel.app/tools/compression/compress-webp-to-120kb/,https://pixaroid.vercel.app/tools/compression/compress-webp-to-120kb/,yes,"index,follow",no,no,,high
/tools/compression/compress-webp-to-150kb,200,https://pixaroid.vercel.app/tools/compression/compress-webp-to-150kb/,https://pixaroid.vercel.app/tools/compression/compress-webp-to-150kb/,yes,"index,follow",no,no,,high
/tools/compression/compress-webp-to-15kb,200,https://pixaroid.vercel.app/tools/compression/compress-webp-to-15kb/,https://pixaroid.vercel.app/tools/compression/compress-webp-to-15kb/,yes,"index,follow",no,no,,high
/tools/compression/compress-webp-to-180kb,200,https://pixaroid.vercel.app/tools/compression/compress-webp-to-180kb/,https://pixaroid.vercel.app/tools/compression/compress-webp-to-180kb/,yes,"index,follow,max-snippet:-1,max-image-preview:large",no,no,,high
/tools/compression/compress-webp-to-200kb,200,https://pixaroid.vercel.app/tools/compression/compress-webp-to-200kb/,https://pixaroid.vercel.app/tools/compression/compress-webp-to-200kb/,yes,"index,follow",no,no,,high
/tools/compression/compress-webp-to-20kb,200,https://pixaroid.vercel.app/tools/compression/compress-webp-to-20kb/,https://pixaroid.vercel.app/tools/compression/compress-webp-to-20kb/,yes,"index,follow",no,no,,high
/tools/compression/compress-webp-to-250kb,200,https://pixaroid.vercel.app/tools/compression/compress-webp-to-250kb/,https://pixaroid.vercel.app/tools/compression/compress-webp-to-250kb/,yes,"index,follow",no,no,,high
/tools/compression/compress-webp-to-25kb,200,https://pixaroid.vercel.app/tools/compression/compress-webp-to-25kb/,https://pixaroid.vercel.app/tools/compression/compress-webp-to-25kb/,yes,"index,follow",no,no,,high
/tools/compression/compress-webp-to-300kb,200,https://pixaroid.vercel.app/tools/compression/compress-webp-to-300kb/,https://pixaroid.vercel.app/tools/compression/compress-webp-to-300kb/,yes,"index,follow",no,no,,high
/tools/compression/compress-webp-to-30kb,200,https://pixaroid.vercel.app/tools/compression/compress-webp-to-30kb/,https://pixaroid.vercel.app/tools/compression/compress-webp-to-30kb/,yes,"index,follow",no,no,,high
/tools/compression/compress-webp-to-35kb,200,https://pixaroid.vercel.app/tools/compression/compress-webp-to-35kb/,https://pixaroid.vercel.app/tools/compression/compress-webp-to-35kb/,yes,"index,follow,max-snippet:-1,max-image-preview:large",no,no,,high
/tools/compression/compress-webp-to-400kb,200,https://pixaroid.vercel.app/tools/compression/compress-webp-to-400kb/,https://pixaroid.vercel.app/tools/compression/compress-webp-to-400kb/,yes,"index,follow",no,no,,high
/tools/compression/compress-webp-to-40kb,200,https://pixaroid.vercel.app/tools/compression/compress-webp-to-40kb/,https://pixaroid.vercel.app/tools/compression/compress-webp-to-40kb/,yes,"index,follow",no,no,,high
/tools/compression/compress-webp-to-45kb,200,https://pixaroid.vercel.app/tools/compression/compress-webp-to-45kb/,https://pixaroid.vercel.app/tools/compression/compress-webp-to-45kb/,yes,"index,follow,max-snippet:-1,max-image-preview:large",no,no,,high
/tools/compression/compress-webp-to-500kb,200,https://pixaroid.vercel.app/tools/compression/compress-webp-to-500kb/,https://pixaroid.vercel.app/tools/compression/compress-webp-to-500kb/,yes,"index,follow",no,no,,high
/tools/compression/compress-webp-to-50kb,200,https://pixaroid.vercel.app/tools/compression/compress-webp-to-50kb/,https://pixaroid.vercel.app/tools/compression/compress-webp-to-50kb/,yes,"index,follow",no,no,,high
/tools/compression/compress-webp-to-5kb,200,https://pixaroid.vercel.app/tools/compression/compress-webp-to-5kb/,https://pixaroid.vercel.app/tools/compression/compress-webp-to-5kb/,yes,"index,follow,max-snippet:-1,max-image-preview:large",no,no,,high
/tools/compression/compress-webp-to-60kb,200,https://pixaroid.vercel.app/tools/compression/compress-webp-to-60kb/,https://pixaroid.vercel.app/tools/compression/compress-webp-to-60kb/,yes,"index,follow",no,no,,high
/tools/compression/compress-webp-to-70kb,200,https://pixaroid.vercel.app/tools/compression/compress-webp-to-70kb/,https://pixaroid.vercel.app/tools/compression/compress-webp-to-70kb/,yes,"index,follow",no,no,,high
/tools/compression/compress-webp-to-80kb,200,https://pixaroid.vercel.app/tools/compression/compress-webp-to-80kb/,https://pixaroid.vercel.app/tools/compression/compress-webp-to-80kb/,yes,"index,follow",no,no,,high
/tools/compression/compress-webp-to-90kb,200,https://pixaroid.vercel.app/tools/compression/compress-webp-to-90kb/,https://pixaroid.vercel.app/tools/compression/compress-webp-to-90kb/,yes,"index,follow,max-snippet:-1,max-image-preview:large",no,no,,high
/tools/compression/demo-premium,200,https://pixaroid.vercel.app/tools/compression/demo-premium/,,,,no,no,missing_canonical,high
/tools/compression/image-compression-online,200,https://pixaroid.vercel.app/tools/compression/image-compression-online/,https://pixaroid.vercel.app/tools/compression/image-compression-online/,yes,"index,follow,max-snippet:-1,max-image-preview:large",no,no,,high
/tools/compression,200,https://pixaroid.vercel.app/tools/compression/,https://pixaroid.vercel.app/tools/compression/,yes,,no,no,,high
/tools/compression/jpeg-compressor,200,https://pixaroid.vercel.app/tools/compression/jpeg-compressor/,https://pixaroid.vercel.app/tools/compression/jpeg-compressor/,yes,,no,no,,high
/tools/compression/optimize-image,200,https://pixaroid.vercel.app/tools/compression/optimize-image/,https://pixaroid.vercel.app/tools/compression/optimize-image/,yes,"index,follow,max-snippet:-1,max-image-preview:large,max-video-preview:-1",no,no,,high
/tools/compression/reduce-image-size,200,https://pixaroid.vercel.app/tools/compression/reduce-image-size/,https://pixaroid.vercel.app/tools/compression/reduce-image-size/,yes,"index,follow,max-snippet:-1,max-image-preview:large,max-video-preview:-1",no,no,,high
/tools/compression/reduce-jpg-size,200,https://pixaroid.vercel.app/tools/compression/reduce-jpg-size/,https://pixaroid.vercel.app/tools/compression/reduce-jpg-size/,yes,"index,follow,max-snippet:-1,max-image-preview:large,max-video-preview:-1",no,no,,high
/tools/compression/reduce-photo-file-size,200,https://pixaroid.vercel.app/tools/compression/reduce-photo-file-size/,https://pixaroid.vercel.app/tools/compression/reduce-photo-file-size/,yes,"index,follow",no,no,,high
/tools/compression/reduce-photo-size-online,200,https://pixaroid.vercel.app/tools/compression/reduce-photo-size-online/,https://pixaroid.vercel.app/tools/compression/reduce-photo-size-online/,yes,"index,follow,max-snippet:-1,max-image-preview:large",no,no,,high
/tools/compression/reduce-png-size,200,https://pixaroid.vercel.app/tools/compression/reduce-png-size/,https://pixaroid.vercel.app/tools/compression/reduce-png-size/,yes,"index,follow,max-snippet:-1,max-image-preview:large,max-video-preview:-1",no,no,,high
/tools/conversion/avif-to-bmp,200,https://pixaroid.vercel.app/tools/conversion/avif-to-bmp/,https://pixaroid.vercel.app/tools/conversion/avif-to-bmp/,yes,"index,follow",no,no,,high
/tools/conversion/avif-to-gif,200,https://pixaroid.vercel.app/tools/conversion/avif-to-gif/,https://pixaroid.vercel.app/tools/conversion/avif-to-gif/,yes,"index,follow",no,no,,high
/tools/conversion/avif-to-jpg,200,https://pixaroid.vercel.app/tools/conversion/avif-to-jpg/,https://pixaroid.vercel.app/tools/conversion/avif-to-jpg/,yes,"index,follow",no,no,,high
/tools/conversion/avif-to-png,200,https://pixaroid.vercel.app/tools/conversion/avif-to-png/,https://pixaroid.vercel.app/tools/conversion/avif-to-png/,yes,"index,follow",no,no,,high
/tools/conversion/avif-to-tiff,200,https://pixaroid.vercel.app/tools/conversion/avif-to-tiff/,https://pixaroid.vercel.app/tools/conversion/avif-to-tiff/,yes,"index,follow",no,no,,high
/tools/conversion/avif-to-webp,200,https://pixaroid.vercel.app/tools/conversion/avif-to-webp/,https://pixaroid.vercel.app/tools/conversion/avif-to-webp/,yes,"index,follow",no,no,,high
/tools/conversion/bmp-to-avif,200,https://pixaroid.vercel.app/tools/conversion/bmp-to-avif/,https://pixaroid.vercel.app/tools/conversion/bmp-to-avif/,yes,"index,follow",no,no,,high
/tools/conversion/bmp-to-gif,200,https://pixaroid.vercel.app/tools/conversion/bmp-to-gif/,https://pixaroid.vercel.app/tools/conversion/bmp-to-gif/,yes,"index,follow",no,no,,high
/tools/conversion/bmp-to-jpg,200,https://pixaroid.vercel.app/tools/conversion/bmp-to-jpg/,https://pixaroid.vercel.app/tools/conversion/bmp-to-jpg/,yes,"index,follow,max-snippet:-1,max-image-preview:large,max-video-preview:-1",no,no,,high
/tools/conversion/bmp-to-png,200,https://pixaroid.vercel.app/tools/conversion/bmp-to-png/,https://pixaroid.vercel.app/tools/conversion/bmp-to-png/,yes,"index,follow",no,no,,high
/tools/conversion/bmp-to-tiff,200,https://pixaroid.vercel.app/tools/conversion/bmp-to-tiff/,https://pixaroid.vercel.app/tools/conversion/bmp-to-tiff/,yes,"index,follow",no,no,,high
/tools/conversion/bmp-to-webp,200,https://pixaroid.vercel.app/tools/conversion/bmp-to-webp/,https://pixaroid.vercel.app/tools/conversion/bmp-to-webp/,yes,"index,follow",no,no,,high
/tools/conversion/convert-avif-to-bmp,200,https://pixaroid.vercel.app/tools/conversion/convert-avif-to-bmp/,https://pixaroid.vercel.app/tools/conversion/avif-to-bmp/,no,"index,follow",no,no,cross_canonical,high
/tools/conversion/convert-avif-to-gif,200,https://pixaroid.vercel.app/tools/conversion/convert-avif-to-gif/,https://pixaroid.vercel.app/tools/conversion/avif-to-gif/,no,"index,follow",no,no,cross_canonical,high
/tools/conversion/convert-avif-to-heic,200,https://pixaroid.vercel.app/tools/conversion/convert-avif-to-heic/,https://pixaroid.vercel.app/tools/conversion/convert-avif-to-heic/,yes,"index,follow,max-snippet:-1,max-image-preview:large",no,no,,high
/tools/conversion/convert-avif-to-jpeg,200,https://pixaroid.vercel.app/tools/conversion/convert-avif-to-jpeg/,https://pixaroid.vercel.app/tools/conversion/convert-avif-to-jpeg/,yes,"index,follow,max-snippet:-1,max-image-preview:large",no,no,,high
/tools/conversion/convert-avif-to-jpg,200,https://pixaroid.vercel.app/tools/conversion/convert-avif-to-jpg/,https://pixaroid.vercel.app/tools/conversion/avif-to-jpg/,no,"index,follow",no,no,cross_canonical,high
/tools/conversion/convert-avif-to-png,200,https://pixaroid.vercel.app/tools/conversion/convert-avif-to-png/,https://pixaroid.vercel.app/tools/conversion/avif-to-png/,no,"index,follow",no,no,cross_canonical,high
/tools/conversion/convert-avif-to-svg,200,https://pixaroid.vercel.app/tools/conversion/convert-avif-to-svg/,https://pixaroid.vercel.app/tools/conversion/convert-avif-to-svg/,yes,"index,follow,max-snippet:-1,max-image-preview:large",no,no,,high
/tools/conversion/convert-avif-to-tiff,200,https://pixaroid.vercel.app/tools/conversion/convert-avif-to-tiff/,https://pixaroid.vercel.app/tools/conversion/avif-to-tiff/,no,"index,follow",no,no,cross_canonical,high
/tools/conversion/convert-avif-to-webp,200,https://pixaroid.vercel.app/tools/conversion/convert-avif-to-webp/,https://pixaroid.vercel.app/tools/conversion/avif-to-webp/,no,"index,follow",no,no,cross_canonical,high
/tools/conversion/convert-bmp-to-avif,200,https://pixaroid.vercel.app/tools/conversion/convert-bmp-to-avif/,https://pixaroid.vercel.app/tools/conversion/bmp-to-avif/,no,"index,follow",no,no,cross_canonical,high
/tools/conversion/convert-bmp-to-gif,200,https://pixaroid.vercel.app/tools/conversion/convert-bmp-to-gif/,https://pixaroid.vercel.app/tools/conversion/bmp-to-gif/,no,"index,follow",no,no,cross_canonical,high
/tools/conversion/convert-bmp-to-heic,200,https://pixaroid.vercel.app/tools/conversion/convert-bmp-to-heic/,https://pixaroid.vercel.app/tools/conversion/convert-bmp-to-heic/,yes,"index,follow,max-snippet:-1,max-image-preview:large",no,no,,high
/tools/conversion/convert-bmp-to-ico,200,https://pixaroid.vercel.app/tools/conversion/convert-bmp-to-ico/,https://pixaroid.vercel.app/tools/conversion/convert-bmp-to-ico/,yes,"index,follow,max-snippet:-1,max-image-preview:large",no,no,,high
/tools/conversion/convert-bmp-to-jpeg,200,https://pixaroid.vercel.app/tools/conversion/convert-bmp-to-jpeg/,https://pixaroid.vercel.app/tools/conversion/convert-bmp-to-jpeg/,yes,"index,follow,max-snippet:-1,max-image-preview:large",no,no,,high
/tools/conversion/convert-bmp-to-jpg,200,https://pixaroid.vercel.app/tools/conversion/convert-bmp-to-jpg/,https://pixaroid.vercel.app/tools/conversion/bmp-to-jpg/,no,"index,follow",no,no,cross_canonical,high
/tools/conversion/convert-bmp-to-png,200,https://pixaroid.vercel.app/tools/conversion/convert-bmp-to-png/,https://pixaroid.vercel.app/tools/conversion/bmp-to-png/,no,"index,follow",no,no,cross_canonical,high
/tools/conversion/convert-bmp-to-svg,200,https://pixaroid.vercel.app/tools/conversion/convert-bmp-to-svg/,https://pixaroid.vercel.app/tools/conversion/convert-bmp-to-svg/,yes,"index,follow,max-snippet:-1,max-image-preview:large",no,no,,high
/tools/conversion/convert-bmp-to-tiff,200,https://pixaroid.vercel.app/tools/conversion/convert-bmp-to-tiff/,https://pixaroid.vercel.app/tools/conversion/bmp-to-tiff/,no,"index,follow",no,no,cross_canonical,high
/tools/conversion/convert-bmp-to-webp,200,https://pixaroid.vercel.app/tools/conversion/convert-bmp-to-webp/,https://pixaroid.vercel.app/tools/conversion/bmp-to-webp/,no,"index,follow",no,no,cross_canonical,high
/tools/conversion/convert-gif-to-avif,200,https://pixaroid.vercel.app/tools/conversion/convert-gif-to-avif/,https://pixaroid.vercel.app/tools/conversion/gif-to-avif/,no,"index,follow",no,no,cross_canonical,high
/tools/conversion/convert-gif-to-bmp,200,https://pixaroid.vercel.app/tools/conversion/convert-gif-to-bmp/,https://pixaroid.vercel.app/tools/conversion/gif-to-bmp/,no,"index,follow",no,no,cross_canonical,high
/tools/conversion/convert-gif-to-heic,200,https://pixaroid.vercel.app/tools/conversion/convert-gif-to-heic/,https://pixaroid.vercel.app/tools/conversion/convert-gif-to-heic/,yes,"index,follow,max-snippet:-1,max-image-preview:large",no,no,,high
/tools/conversion/convert-gif-to-ico,200,https://pixaroid.vercel.app/tools/conversion/convert-gif-to-ico/,https://pixaroid.vercel.app/tools/conversion/convert-gif-to-ico/,yes,"index,follow,max-snippet:-1,max-image-preview:large",no,no,,high
/tools/conversion/convert-gif-to-jpeg,200,https://pixaroid.vercel.app/tools/conversion/convert-gif-to-jpeg/,https://pixaroid.vercel.app/tools/conversion/convert-gif-to-jpeg/,yes,"index,follow,max-snippet:-1,max-image-preview:large",no,no,,high
/tools/conversion/convert-gif-to-jpg,200,https://pixaroid.vercel.app/tools/conversion/convert-gif-to-jpg/,https://pixaroid.vercel.app/tools/conversion/gif-to-jpg/,no,"index,follow",no,no,cross_canonical,high
/tools/conversion/convert-gif-to-png,200,https://pixaroid.vercel.app/tools/conversion/convert-gif-to-png/,https://pixaroid.vercel.app/tools/conversion/gif-to-png/,no,"index,follow",no,no,cross_canonical,high
/tools/conversion/convert-gif-to-svg,200,https://pixaroid.vercel.app/tools/conversion/convert-gif-to-svg/,https://pixaroid.vercel.app/tools/conversion/convert-gif-to-svg/,yes,"index,follow,max-snippet:-1,max-image-preview:large",no,no,,high
/tools/conversion/convert-gif-to-tiff,200,https://pixaroid.vercel.app/tools/conversion/convert-gif-to-tiff/,https://pixaroid.vercel.app/tools/conversion/gif-to-tiff/,no,"index,follow",no,no,cross_canonical,high
/tools/conversion/convert-gif-to-webp,200,https://pixaroid.vercel.app/tools/conversion/convert-gif-to-webp/,https://pixaroid.vercel.app/tools/conversion/gif-to-webp/,no,"index,follow",no,no,cross_canonical,high
/tools/conversion/convert-heic-to-avif,200,https://pixaroid.vercel.app/tools/conversion/convert-heic-to-avif/,https://pixaroid.vercel.app/tools/conversion/convert-heic-to-avif/,yes,"index,follow,max-snippet:-1,max-image-preview:large",no,no,,high
/tools/conversion/convert-heic-to-bmp,200,https://pixaroid.vercel.app/tools/conversion/convert-heic-to-bmp/,https://pixaroid.vercel.app/tools/conversion/convert-heic-to-bmp/,yes,"index,follow,max-snippet:-1,max-image-preview:large",no,no,,high
/tools/conversion/convert-heic-to-gif,200,https://pixaroid.vercel.app/tools/conversion/convert-heic-to-gif/,https://pixaroid.vercel.app/tools/conversion/convert-heic-to-gif/,yes,"index,follow,max-snippet:-1,max-image-preview:large",no,no,,high
/tools/conversion/convert-heic-to-ico,200,https://pixaroid.vercel.app/tools/conversion/convert-heic-to-ico/,https://pixaroid.vercel.app/tools/conversion/convert-heic-to-ico/,yes,"index,follow,max-snippet:-1,max-image-preview:large",no,no,,high
/tools/conversion/convert-heic-to-jpeg,200,https://pixaroid.vercel.app/tools/conversion/convert-heic-to-jpeg/,https://pixaroid.vercel.app/tools/conversion/convert-heic-to-jpeg/,yes,"index,follow,max-snippet:-1,max-image-preview:large",no,no,,high
/tools/conversion/convert-heic-to-jpg,200,https://pixaroid.vercel.app/tools/conversion/convert-heic-to-jpg/,https://pixaroid.vercel.app/tools/conversion/heic-to-jpg/,no,"index,follow",no,no,cross_canonical,high
/tools/conversion/convert-heic-to-png,200,https://pixaroid.vercel.app/tools/conversion/convert-heic-to-png/,https://pixaroid.vercel.app/tools/conversion/heic-to-png/,no,"index,follow",no,no,cross_canonical,high
/tools/conversion/convert-heic-to-svg,200,https://pixaroid.vercel.app/tools/conversion/convert-heic-to-svg/,https://pixaroid.vercel.app/tools/conversion/convert-heic-to-svg/,yes,"index,follow,max-snippet:-1,max-image-preview:large",no,no,,high
/tools/conversion/convert-heic-to-tiff,200,https://pixaroid.vercel.app/tools/conversion/convert-heic-to-tiff/,https://pixaroid.vercel.app/tools/conversion/convert-heic-to-tiff/,yes,"index,follow,max-snippet:-1,max-image-preview:large",no,no,,high
/tools/conversion/convert-heic-to-webp,200,https://pixaroid.vercel.app/tools/conversion/convert-heic-to-webp/,https://pixaroid.vercel.app/tools/conversion/heic-to-webp/,no,"index,follow",no,no,cross_canonical,high
/tools/conversion/convert-ico-to-bmp,200,https://pixaroid.vercel.app/tools/conversion/convert-ico-to-bmp/,https://pixaroid.vercel.app/tools/conversion/convert-ico-to-bmp/,yes,"index,follow,max-snippet:-1,max-image-preview:large",no,no,,high
/tools/conversion/convert-ico-to-gif,200,https://pixaroid.vercel.app/tools/conversion/convert-ico-to-gif/,https://pixaroid.vercel.app/tools/conversion/convert-ico-to-gif/,yes,"index,follow,max-snippet:-1,max-image-preview:large",no,no,,high
/tools/conversion/convert-ico-to-heic,200,https://pixaroid.vercel.app/tools/conversion/convert-ico-to-heic/,https://pixaroid.vercel.app/tools/conversion/convert-ico-to-heic/,yes,"index,follow,max-snippet:-1,max-image-preview:large",no,no,,high
/tools/conversion/convert-ico-to-jpeg,200,https://pixaroid.vercel.app/tools/conversion/convert-ico-to-jpeg/,https://pixaroid.vercel.app/tools/conversion/convert-ico-to-jpeg/,yes,"index,follow,max-snippet:-1,max-image-preview:large",no,no,,high
/tools/conversion/convert-ico-to-jpg,200,https://pixaroid.vercel.app/tools/conversion/convert-ico-to-jpg/,https://pixaroid.vercel.app/tools/conversion/convert-ico-to-jpg/,yes,"index,follow,max-snippet:-1,max-image-preview:large",no,no,,high
/tools/conversion/convert-ico-to-png,200,https://pixaroid.vercel.app/tools/conversion/convert-ico-to-png/,https://pixaroid.vercel.app/tools/conversion/convert-ico-to-png/,yes,"index,follow,max-snippet:-1,max-image-preview:large",no,no,,high
/tools/conversion/convert-ico-to-svg,200,https://pixaroid.vercel.app/tools/conversion/convert-ico-to-svg/,https://pixaroid.vercel.app/tools/conversion/convert-ico-to-svg/,yes,"index,follow,max-snippet:-1,max-image-preview:large",no,no,,high
/tools/conversion/convert-ico-to-tiff,200,https://pixaroid.vercel.app/tools/conversion/convert-ico-to-tiff/,https://pixaroid.vercel.app/tools/conversion/convert-ico-to-tiff/,yes,"index,follow,max-snippet:-1,max-image-preview:large",no,no,,high
/tools/conversion/convert-ico-to-webp,200,https://pixaroid.vercel.app/tools/conversion/convert-ico-to-webp/,https://pixaroid.vercel.app/tools/conversion/convert-ico-to-webp/,yes,"index,follow,max-snippet:-1,max-image-preview:large",no,no,,high
/tools/conversion/convert-jpeg-to-avif,200,https://pixaroid.vercel.app/tools/conversion/convert-jpeg-to-avif/,https://pixaroid.vercel.app/tools/conversion/convert-jpeg-to-avif/,yes,"index,follow,max-snippet:-1,max-image-preview:large",no,no,,high
/tools/conversion/convert-jpeg-to-bmp,200,https://pixaroid.vercel.app/tools/conversion/convert-jpeg-to-bmp/,https://pixaroid.vercel.app/tools/conversion/convert-jpeg-to-bmp/,yes,"index,follow,max-snippet:-1,max-image-preview:large",no,no,,high
/tools/conversion/convert-jpeg-to-gif,200,https://pixaroid.vercel.app/tools/conversion/convert-jpeg-to-gif/,https://pixaroid.vercel.app/tools/conversion/convert-jpeg-to-gif/,yes,"index,follow,max-snippet:-1,max-image-preview:large",no,no,,high
/tools/conversion/convert-jpeg-to-heic,200,https://pixaroid.vercel.app/tools/conversion/convert-jpeg-to-heic/,https://pixaroid.vercel.app/tools/conversion/convert-jpeg-to-heic/,yes,"index,follow,max-snippet:-1,max-image-preview:large",no,no,,high
/tools/conversion/convert-jpeg-to-ico,200,https://pixaroid.vercel.app/tools/conversion/convert-jpeg-to-ico/,https://pixaroid.vercel.app/tools/conversion/convert-jpeg-to-ico/,yes,"index,follow,max-snippet:-1,max-image-preview:large",no,no,,high
/tools/conversion/convert-jpeg-to-png,200,https://pixaroid.vercel.app/tools/conversion/convert-jpeg-to-png/,https://pixaroid.vercel.app/tools/conversion/jpeg-to-png/,no,"index,follow",no,no,cross_canonical,high
/tools/conversion/convert-jpeg-to-svg,200,https://pixaroid.vercel.app/tools/conversion/convert-jpeg-to-svg/,https://pixaroid.vercel.app/tools/conversion/convert-jpeg-to-svg/,yes,"index,follow,max-snippet:-1,max-image-preview:large",no,no,,high
/tools/conversion/convert-jpeg-to-tiff,200,https://pixaroid.vercel.app/tools/conversion/convert-jpeg-to-tiff/,https://pixaroid.vercel.app/tools/conversion/convert-jpeg-to-tiff/,yes,"index,follow,max-snippet:-1,max-image-preview:large",no,no,,high
/tools/conversion/convert-jpeg-to-webp,200,https://pixaroid.vercel.app/tools/conversion/convert-jpeg-to-webp/,https://pixaroid.vercel.app/tools/conversion/convert-jpeg-to-webp/,yes,"index,follow,max-snippet:-1,max-image-preview:large",no,no,,high
/tools/conversion/convert-jpg-to-avif,200,https://pixaroid.vercel.app/tools/conversion/convert-jpg-to-avif/,https://pixaroid.vercel.app/tools/conversion/jpg-to-avif/,no,"index,follow",no,no,cross_canonical,high
/tools/conversion/convert-jpg-to-bmp,200,https://pixaroid.vercel.app/tools/conversion/convert-jpg-to-bmp/,https://pixaroid.vercel.app/tools/conversion/jpg-to-bmp/,no,"index,follow",no,no,cross_canonical,high
/tools/conversion/convert-jpg-to-gif,200,https://pixaroid.vercel.app/tools/conversion/convert-jpg-to-gif/,https://pixaroid.vercel.app/tools/conversion/jpg-to-gif/,no,"index,follow",no,no,cross_canonical,high
/tools/conversion/convert-jpg-to-heic,200,https://pixaroid.vercel.app/tools/conversion/convert-jpg-to-heic/,https://pixaroid.vercel.app/tools/conversion/convert-jpg-to-heic/,yes,"index,follow,max-snippet:-1,max-image-preview:large",no,no,,high
/tools/conversion/convert-jpg-to-ico,200,https://pixaroid.vercel.app/tools/conversion/convert-jpg-to-ico/,https://pixaroid.vercel.app/tools/conversion/convert-jpg-to-ico/,yes,"index,follow,max-snippet:-1,max-image-preview:large",no,no,,high
/tools/conversion/convert-jpg-to-png,200,https://pixaroid.vercel.app/tools/conversion/convert-jpg-to-png/,https://pixaroid.vercel.app/tools/conversion/jpg-to-png/,no,"index,follow",no,no,cross_canonical,high
/tools/conversion/convert-jpg-to-svg,200,https://pixaroid.vercel.app/tools/conversion/convert-jpg-to-svg/,https://pixaroid.vercel.app/tools/conversion/convert-jpg-to-svg/,yes,"index,follow,max-snippet:-1,max-image-preview:large",no,no,,high
/tools/conversion/convert-jpg-to-tiff,200,https://pixaroid.vercel.app/tools/conversion/convert-jpg-to-tiff/,https://pixaroid.vercel.app/tools/conversion/jpg-to-tiff/,no,"index,follow",no,no,cross_canonical,high
/tools/conversion/convert-jpg-to-webp,200,https://pixaroid.vercel.app/tools/conversion/convert-jpg-to-webp/,https://pixaroid.vercel.app/tools/conversion/jpg-to-webp/,no,"index,follow",no,no,cross_canonical,high
/tools/conversion/convert-png-to-avif,200,https://pixaroid.vercel.app/tools/conversion/convert-png-to-avif/,https://pixaroid.vercel.app/tools/conversion/png-to-avif/,no,"index,follow",no,no,cross_canonical,high
/tools/conversion/convert-png-to-bmp,200,https://pixaroid.vercel.app/tools/conversion/convert-png-to-bmp/,https://pixaroid.vercel.app/tools/conversion/png-to-bmp/,no,"index,follow",no,no,cross_canonical,high
/tools/conversion/convert-png-to-gif,200,https://pixaroid.vercel.app/tools/conversion/convert-png-to-gif/,https://pixaroid.vercel.app/tools/conversion/png-to-gif/,no,"index,follow",no,no,cross_canonical,high
/tools/conversion/convert-png-to-heic,200,https://pixaroid.vercel.app/tools/conversion/convert-png-to-heic/,https://pixaroid.vercel.app/tools/conversion/convert-png-to-heic/,yes,"index,follow,max-snippet:-1,max-image-preview:large",no,no,,high
/tools/conversion/convert-png-to-ico,200,https://pixaroid.vercel.app/tools/conversion/convert-png-to-ico/,https://pixaroid.vercel.app/tools/conversion/convert-png-to-ico/,yes,"index,follow,max-snippet:-1,max-image-preview:large",no,no,,high
/tools/conversion/convert-png-to-jpeg,200,https://pixaroid.vercel.app/tools/conversion/convert-png-to-jpeg/,https://pixaroid.vercel.app/tools/conversion/convert-png-to-jpeg/,yes,"index,follow,max-snippet:-1,max-image-preview:large",no,no,,high
/tools/conversion/convert-png-to-jpg,200,https://pixaroid.vercel.app/tools/conversion/convert-png-to-jpg/,https://pixaroid.vercel.app/tools/conversion/png-to-jpg/,no,"index,follow",no,no,cross_canonical,high
/tools/conversion/convert-png-to-svg,200,https://pixaroid.vercel.app/tools/conversion/convert-png-to-svg/,https://pixaroid.vercel.app/tools/conversion/convert-png-to-svg/,yes,"index,follow,max-snippet:-1,max-image-preview:large",no,no,,high
/tools/conversion/convert-png-to-tiff,200,https://pixaroid.vercel.app/tools/conversion/convert-png-to-tiff/,https://pixaroid.vercel.app/tools/conversion/png-to-tiff/,no,"index,follow",no,no,cross_canonical,high
/tools/conversion/convert-png-to-webp,200,https://pixaroid.vercel.app/tools/conversion/convert-png-to-webp/,https://pixaroid.vercel.app/tools/conversion/png-to-webp/,no,"index,follow",no,no,cross_canonical,high
/tools/conversion/convert-svg-to-avif,200,https://pixaroid.vercel.app/tools/conversion/convert-svg-to-avif/,https://pixaroid.vercel.app/tools/conversion/convert-svg-to-avif/,yes,"index,follow,max-snippet:-1,max-image-preview:large",no,no,,high
/tools/conversion/convert-svg-to-bmp,200,https://pixaroid.vercel.app/tools/conversion/convert-svg-to-bmp/,https://pixaroid.vercel.app/tools/conversion/convert-svg-to-bmp/,yes,"index,follow,max-snippet:-1,max-image-preview:large",no,no,,high
/tools/conversion/convert-svg-to-gif,200,https://pixaroid.vercel.app/tools/conversion/convert-svg-to-gif/,https://pixaroid.vercel.app/tools/conversion/convert-svg-to-gif/,yes,"index,follow,max-snippet:-1,max-image-preview:large",no,no,,high
/tools/conversion/convert-svg-to-heic,200,https://pixaroid.vercel.app/tools/conversion/convert-svg-to-heic/,https://pixaroid.vercel.app/tools/conversion/convert-svg-to-heic/,yes,"index,follow,max-snippet:-1,max-image-preview:large",no,no,,high
/tools/conversion/convert-svg-to-ico,200,https://pixaroid.vercel.app/tools/conversion/convert-svg-to-ico/,https://pixaroid.vercel.app/tools/conversion/convert-svg-to-ico/,yes,"index,follow,max-snippet:-1,max-image-preview:large",no,no,,high
/tools/conversion/convert-svg-to-jpeg,200,https://pixaroid.vercel.app/tools/conversion/convert-svg-to-jpeg/,https://pixaroid.vercel.app/tools/conversion/convert-svg-to-jpeg/,yes,"index,follow,max-snippet:-1,max-image-preview:large",no,no,,high
/tools/conversion/convert-svg-to-jpg,200,https://pixaroid.vercel.app/tools/conversion/convert-svg-to-jpg/,https://pixaroid.vercel.app/tools/conversion/convert-svg-to-jpg/,yes,"index,follow,max-snippet:-1,max-image-preview:large",no,no,,high
/tools/conversion/convert-svg-to-png,200,https://pixaroid.vercel.app/tools/conversion/convert-svg-to-png/,https://pixaroid.vercel.app/tools/conversion/svg-to-png/,no,"index,follow",no,no,cross_canonical,high
/tools/conversion/convert-svg-to-tiff,200,https://pixaroid.vercel.app/tools/conversion/convert-svg-to-tiff/,https://pixaroid.vercel.app/tools/conversion/convert-svg-to-tiff/,yes,"index,follow,max-snippet:-1,max-image-preview:large",no,no,,high
/tools/conversion/convert-svg-to-webp,200,https://pixaroid.vercel.app/tools/conversion/convert-svg-to-webp/,https://pixaroid.vercel.app/tools/conversion/convert-svg-to-webp/,yes,"index,follow,max-snippet:-1,max-image-preview:large",no,no,,high
/tools/conversion/convert-tiff-to-avif,200,https://pixaroid.vercel.app/tools/conversion/convert-tiff-to-avif/,https://pixaroid.vercel.app/tools/conversion/tiff-to-avif/,no,"index,follow",no,no,cross_canonical,high
/tools/conversion/convert-tiff-to-bmp,200,https://pixaroid.vercel.app/tools/conversion/convert-tiff-to-bmp/,https://pixaroid.vercel.app/tools/conversion/tiff-to-bmp/,no,"index,follow",no,no,cross_canonical,high
/tools/conversion/convert-tiff-to-gif,200,https://pixaroid.vercel.app/tools/conversion/convert-tiff-to-gif/,https://pixaroid.vercel.app/tools/conversion/tiff-to-gif/,no,"index,follow",no,no,cross_canonical,high
/tools/conversion/convert-tiff-to-heic,200,https://pixaroid.vercel.app/tools/conversion/convert-tiff-to-heic/,https://pixaroid.vercel.app/tools/conversion/convert-tiff-to-heic/,yes,"index,follow,max-snippet:-1,max-image-preview:large",no,no,,high
/tools/conversion/convert-tiff-to-ico,200,https://pixaroid.vercel.app/tools/conversion/convert-tiff-to-ico/,https://pixaroid.vercel.app/tools/conversion/convert-tiff-to-ico/,yes,"index,follow,max-snippet:-1,max-image-preview:large",no,no,,high
/tools/conversion/convert-tiff-to-jpeg,200,https://pixaroid.vercel.app/tools/conversion/convert-tiff-to-jpeg/,https://pixaroid.vercel.app/tools/conversion/convert-tiff-to-jpeg/,yes,"index,follow,max-snippet:-1,max-image-preview:large",no,no,,high
/tools/conversion/convert-tiff-to-jpg,200,https://pixaroid.vercel.app/tools/conversion/convert-tiff-to-jpg/,https://pixaroid.vercel.app/tools/conversion/tiff-to-jpg/,no,"index,follow",no,no,cross_canonical,high
/tools/conversion/convert-tiff-to-png,200,https://pixaroid.vercel.app/tools/conversion/convert-tiff-to-png/,https://pixaroid.vercel.app/tools/conversion/tiff-to-png/,no,"index,follow",no,no,cross_canonical,high
/tools/conversion/convert-tiff-to-svg,200,https://pixaroid.vercel.app/tools/conversion/convert-tiff-to-svg/,https://pixaroid.vercel.app/tools/conversion/convert-tiff-to-svg/,yes,"index,follow,max-snippet:-1,max-image-preview:large",no,no,,high
/tools/conversion/convert-tiff-to-webp,200,https://pixaroid.vercel.app/tools/conversion/convert-tiff-to-webp/,https://pixaroid.vercel.app/tools/conversion/tiff-to-webp/,no,"index,follow",no,no,cross_canonical,high
/tools/conversion/convert-webp-to-avif,200,https://pixaroid.vercel.app/tools/conversion/convert-webp-to-avif/,https://pixaroid.vercel.app/tools/conversion/webp-to-avif/,no,"index,follow",no,no,cross_canonical,high
/tools/conversion/convert-webp-to-bmp,200,https://pixaroid.vercel.app/tools/conversion/convert-webp-to-bmp/,https://pixaroid.vercel.app/tools/conversion/webp-to-bmp/,no,"index,follow",no,no,cross_canonical,high
/tools/conversion/convert-webp-to-gif,200,https://pixaroid.vercel.app/tools/conversion/convert-webp-to-gif/,https://pixaroid.vercel.app/tools/conversion/webp-to-gif/,no,"index,follow",no,no,cross_canonical,high
/tools/conversion/convert-webp-to-heic,200,https://pixaroid.vercel.app/tools/conversion/convert-webp-to-heic/,https://pixaroid.vercel.app/tools/conversion/convert-webp-to-heic/,yes,"index,follow,max-snippet:-1,max-image-preview:large",no,no,,high
/tools/conversion/convert-webp-to-ico,200,https://pixaroid.vercel.app/tools/conversion/convert-webp-to-ico/,https://pixaroid.vercel.app/tools/conversion/convert-webp-to-ico/,yes,"index,follow,max-snippet:-1,max-image-preview:large",no,no,,high
/tools/conversion/convert-webp-to-jpeg,200,https://pixaroid.vercel.app/tools/conversion/convert-webp-to-jpeg/,https://pixaroid.vercel.app/tools/conversion/convert-webp-to-jpeg/,yes,"index,follow,max-snippet:-1,max-image-preview:large",no,no,,high
/tools/conversion/convert-webp-to-jpg,200,https://pixaroid.vercel.app/tools/conversion/convert-webp-to-jpg/,https://pixaroid.vercel.app/tools/conversion/webp-to-jpg/,no,"index,follow",no,no,cross_canonical,high
/tools/conversion/convert-webp-to-png,200,https://pixaroid.vercel.app/tools/conversion/convert-webp-to-png/,https://pixaroid.vercel.app/tools/conversion/webp-to-png/,no,"index,follow",no,no,cross_canonical,high
/tools/conversion/convert-webp-to-svg,200,https://pixaroid.vercel.app/tools/conversion/convert-webp-to-svg/,https://pixaroid.vercel.app/tools/conversion/convert-webp-to-svg/,yes,"index,follow,max-snippet:-1,max-image-preview:large",no,no,,high
/tools/conversion/convert-webp-to-tiff,200,https://pixaroid.vercel.app/tools/conversion/convert-webp-to-tiff/,https://pixaroid.vercel.app/tools/conversion/webp-to-tiff/,no,"index,follow",no,no,cross_canonical,high
/tools/conversion/gif-to-avif,200,https://pixaroid.vercel.app/tools/conversion/gif-to-avif/,https://pixaroid.vercel.app/tools/conversion/gif-to-avif/,yes,"index,follow",no,no,,high
/tools/conversion/gif-to-bmp,200,https://pixaroid.vercel.app/tools/conversion/gif-to-bmp/,https://pixaroid.vercel.app/tools/conversion/gif-to-bmp/,yes,"index,follow",no,no,,high
/tools/conversion/gif-to-jpg,200,https://pixaroid.vercel.app/tools/conversion/gif-to-jpg/,https://pixaroid.vercel.app/tools/conversion/gif-to-jpg/,yes,"index,follow,max-snippet:-1,max-image-preview:large,max-video-preview:-1",no,no,,high
/tools/conversion/gif-to-png,200,https://pixaroid.vercel.app/tools/conversion/gif-to-png/,https://pixaroid.vercel.app/tools/conversion/gif-to-png/,yes,"index,follow",no,no,,high
/tools/conversion/gif-to-tiff,200,https://pixaroid.vercel.app/tools/conversion/gif-to-tiff/,https://pixaroid.vercel.app/tools/conversion/gif-to-tiff/,yes,"index,follow",no,no,,high
/tools/conversion/gif-to-webp,200,https://pixaroid.vercel.app/tools/conversion/gif-to-webp/,https://pixaroid.vercel.app/tools/conversion/gif-to-webp/,yes,"index,follow",no,no,,high
/tools/conversion/heic-to-jpg,200,https://pixaroid.vercel.app/tools/conversion/heic-to-jpg/,https://pixaroid.vercel.app/tools/conversion/heic-to-jpg/,yes,"index,follow,max-snippet:-1,max-image-preview:large,max-video-preview:-1",no,no,,high
/tools/conversion/heic-to-pdf,200,https://pixaroid.vercel.app/tools/conversion/heic-to-pdf/,https://pixaroid.vercel.app/tools/conversion/heic-to-pdf/,yes,"index,follow",no,no,,high
/tools/conversion/heic-to-png,200,https://pixaroid.vercel.app/tools/conversion/heic-to-png/,https://pixaroid.vercel.app/tools/conversion/heic-to-png/,yes,"index,follow,max-snippet:-1,max-image-preview:large,max-video-preview:-1",no,no,,high
/tools/conversion/heic-to-webp,200,https://pixaroid.vercel.app/tools/conversion/heic-to-webp/,https://pixaroid.vercel.app/tools/conversion/heic-to-webp/,yes,"index,follow",no,no,,high
/tools/conversion/ico-converter,200,https://pixaroid.vercel.app/tools/conversion/ico-converter/,https://pixaroid.vercel.app/tools/conversion/ico-converter/,yes,"index,follow,max-snippet:-1,max-image-preview:large,max-video-preview:-1",no,no,,high
/tools/conversion/image-to-pdf,200,https://pixaroid.vercel.app/tools/conversion/image-to-pdf/,https://pixaroid.vercel.app/tools/conversion/image-to-pdf/,yes,"index,follow,max-snippet:-1,max-image-preview:large,max-video-preview:-1",no,no,,high
/tools/conversion,200,https://pixaroid.vercel.app/tools/conversion/,https://pixaroid.vercel.app/tools/conversion/,yes,,no,no,,high
/tools/conversion/jpeg-to-png,200,https://pixaroid.vercel.app/tools/conversion/jpeg-to-png/,https://pixaroid.vercel.app/tools/conversion/jpeg-to-png/,yes,"index,follow,max-snippet:-1,max-image-preview:large,max-video-preview:-1",no,no,,high
/tools/conversion/jpg-to-avif,200,https://pixaroid.vercel.app/tools/conversion/jpg-to-avif/,https://pixaroid.vercel.app/tools/conversion/jpg-to-avif/,yes,"index,follow",no,no,,high
/tools/conversion/jpg-to-bmp,200,https://pixaroid.vercel.app/tools/conversion/jpg-to-bmp/,https://pixaroid.vercel.app/tools/conversion/jpg-to-bmp/,yes,"index,follow",no,no,,high
/tools/conversion/jpg-to-gif,200,https://pixaroid.vercel.app/tools/conversion/jpg-to-gif/,https://pixaroid.vercel.app/tools/conversion/jpg-to-gif/,yes,"index,follow",no,no,,high
/tools/conversion/jpg-to-png,200,https://pixaroid.vercel.app/tools/conversion/jpg-to-png/,https://pixaroid.vercel.app/tools/conversion/jpg-to-png/,yes,"index,follow,max-snippet:-1,max-image-preview:large,max-video-preview:-1",no,no,,high
/tools/conversion/jpg-to-tiff,200,https://pixaroid.vercel.app/tools/conversion/jpg-to-tiff/,https://pixaroid.vercel.app/tools/conversion/jpg-to-tiff/,yes,"index,follow",no,no,,high
/tools/conversion/jpg-to-webp,200,https://pixaroid.vercel.app/tools/conversion/jpg-to-webp/,https://pixaroid.vercel.app/tools/conversion/jpg-to-webp/,yes,"index,follow,max-snippet:-1,max-image-preview:large,max-video-preview:-1",no,no,,high
/tools/conversion/pdf-to-image,200,https://pixaroid.vercel.app/tools/conversion/pdf-to-image/,https://pixaroid.vercel.app/tools/conversion/pdf-to-image/,yes,"index,follow,max-snippet:-1,max-image-preview:large,max-video-preview:-1",no,no,,high
/tools/conversion/png-to-avif,200,https://pixaroid.vercel.app/tools/conversion/png-to-avif/,https://pixaroid.vercel.app/tools/conversion/png-to-avif/,yes,"index,follow",no,no,,high
/tools/conversion/png-to-bmp,200,https://pixaroid.vercel.app/tools/conversion/png-to-bmp/,https://pixaroid.vercel.app/tools/conversion/png-to-bmp/,yes,"index,follow",no,no,,high
/tools/conversion/png-to-gif,200,https://pixaroid.vercel.app/tools/conversion/png-to-gif/,https://pixaroid.vercel.app/tools/conversion/png-to-gif/,yes,"index,follow",no,no,,high
/tools/conversion/png-to-jpg,200,https://pixaroid.vercel.app/tools/conversion/png-to-jpg/,https://pixaroid.vercel.app/tools/conversion/png-to-jpg/,yes,"index,follow,max-snippet:-1,max-image-preview:large,max-video-preview:-1",no,no,,high
/tools/conversion/png-to-tiff,200,https://pixaroid.vercel.app/tools/conversion/png-to-tiff/,https://pixaroid.vercel.app/tools/conversion/png-to-tiff/,yes,"index,follow",no,no,,high
/tools/conversion/png-to-webp,200,https://pixaroid.vercel.app/tools/conversion/png-to-webp/,https://pixaroid.vercel.app/tools/conversion/png-to-webp/,yes,"index,follow,max-snippet:-1,max-image-preview:large,max-video-preview:-1",no,no,,high
/tools/conversion/svg-to-png,200,https://pixaroid.vercel.app/tools/conversion/svg-to-png/,https://pixaroid.vercel.app/tools/conversion/svg-to-png/,yes,"index,follow,max-snippet:-1,max-image-preview:large,max-video-preview:-1",no,no,,high
/tools/conversion/tiff-to-avif,200,https://pixaroid.vercel.app/tools/conversion/tiff-to-avif/,https://pixaroid.vercel.app/tools/conversion/tiff-to-avif/,yes,"index,follow",no,no,,high
/tools/conversion/tiff-to-bmp,200,https://pixaroid.vercel.app/tools/conversion/tiff-to-bmp/,https://pixaroid.vercel.app/tools/conversion/tiff-to-bmp/,yes,"index,follow",no,no,,high
/tools/conversion/tiff-to-gif,200,https://pixaroid.vercel.app/tools/conversion/tiff-to-gif/,https://pixaroid.vercel.app/tools/conversion/tiff-to-gif/,yes,"index,follow",no,no,,high
/tools/conversion/tiff-to-jpg,200,https://pixaroid.vercel.app/tools/conversion/tiff-to-jpg/,https://pixaroid.vercel.app/tools/conversion/tiff-to-jpg/,yes,"index,follow,max-snippet:-1,max-image-preview:large,max-video-preview:-1",no,no,,high
/tools/conversion/tiff-to-png,200,https://pixaroid.vercel.app/tools/conversion/tiff-to-png/,https://pixaroid.vercel.app/tools/conversion/tiff-to-png/,yes,"index,follow",no,no,,high
/tools/conversion/tiff-to-webp,200,https://pixaroid.vercel.app/tools/conversion/tiff-to-webp/,https://pixaroid.vercel.app/tools/conversion/tiff-to-webp/,yes,"index,follow",no,no,,high
/tools/conversion/webp-to-avif,200,https://pixaroid.vercel.app/tools/conversion/webp-to-avif/,https://pixaroid.vercel.app/tools/conversion/webp-to-avif/,yes,"index,follow",no,no,,high
/tools/conversion/webp-to-bmp,200,https://pixaroid.vercel.app/tools/conversion/webp-to-bmp/,https://pixaroid.vercel.app/tools/conversion/webp-to-bmp/,yes,"index,follow",no,no,,high
/tools/conversion/webp-to-gif,200,https://pixaroid.vercel.app/tools/conversion/webp-to-gif/,https://pixaroid.vercel.app/tools/conversion/webp-to-gif/,yes,"index,follow",no,no,,high
/tools/conversion/webp-to-jpg,200,https://pixaroid.vercel.app/tools/conversion/webp-to-jpg/,https://pixaroid.vercel.app/tools/conversion/webp-to-jpg/,yes,"index,follow,max-snippet:-1,max-image-preview:large,max-video-preview:-1",no,no,,high
/tools/conversion/webp-to-png,200,https://pixaroid.vercel.app/tools/conversion/webp-to-png/,https://pixaroid.vercel.app/tools/conversion/webp-to-png/,yes,"index,follow,max-snippet:-1,max-image-preview:large,max-video-preview:-1",no,no,,high
/tools/conversion/webp-to-tiff,200,https://pixaroid.vercel.app/tools/conversion/webp-to-tiff/,https://pixaroid.vercel.app/tools/conversion/webp-to-tiff/,yes,"index,follow",no,no,,high
/tools/editor/add-border-to-image,200,https://pixaroid.vercel.app/tools/editor/add-border-to-image/,https://pixaroid.vercel.app/tools/editor/add-border-to-image/,yes,"index,follow,max-snippet:-1,max-image-preview:large,max-video-preview:-1",no,no,,high
/tools/editor/add-image-shadow,200,https://pixaroid.vercel.app/tools/editor/add-image-shadow/,https://pixaroid.vercel.app/tools/editor/add-image-shadow/,yes,"index,follow,max-snippet:-1,max-image-preview:large,max-video-preview:-1",no,no,,high
/tools/editor/add-text-overlay,200,https://pixaroid.vercel.app/tools/editor/add-text-overlay/,https://pixaroid.vercel.app/tools/editor/add-text-overlay/,yes,"index,follow,max-snippet:-1,max-image-preview:large,max-video-preview:-1",no,no,,high
/tools/editor/add-text-to-image,200,https://pixaroid.vercel.app/tools/editor/add-text-to-image/,https://pixaroid.vercel.app/tools/editor/add-text-to-image/,yes,"index,follow,max-snippet:-1,max-image-preview:large,max-video-preview:-1",no,no,,high
/tools/editor/add-watermark,200,https://pixaroid.vercel.app/tools/editor/add-watermark/,https://pixaroid.vercel.app/tools/editor/add-watermark/,yes,"index,follow,max-snippet:-1,max-image-preview:large,max-video-preview:-1",no,no,,high
/tools/editor/adjust-brightness,200,https://pixaroid.vercel.app/tools/editor/adjust-brightness/,https://pixaroid.vercel.app/tools/editor/adjust-brightness/,yes,"index,follow,max-snippet:-1,max-image-preview:large,max-video-preview:-1",no,no,,high
/tools/editor/adjust-contrast,200,https://pixaroid.vercel.app/tools/editor/adjust-contrast/,https://pixaroid.vercel.app/tools/editor/adjust-contrast/,yes,"index,follow,max-snippet:-1,max-image-preview:large,max-video-preview:-1",no,no,,high
/tools/editor/adjust-saturation,200,https://pixaroid.vercel.app/tools/editor/adjust-saturation/,https://pixaroid.vercel.app/tools/editor/adjust-saturation/,yes,"index,follow,max-snippet:-1,max-image-preview:large,max-video-preview:-1",no,no,,high
/tools/editor/blur-image,200,https://pixaroid.vercel.app/tools/editor/blur-image/,https://pixaroid.vercel.app/tools/editor/blur-image/,yes,"index,follow,max-snippet:-1,max-image-preview:large,max-video-preview:-1",no,no,,high
/tools/editor/crop-image,200,https://pixaroid.vercel.app/tools/editor/crop-image/,https://pixaroid.vercel.app/tools/editor/crop-image/,yes,"index,follow,max-snippet:-1,max-image-preview:large,max-video-preview:-1",no,no,,high
/tools/editor/flip-image,200,https://pixaroid.vercel.app/tools/editor/flip-image/,https://pixaroid.vercel.app/tools/editor/flip-image/,yes,"index,follow,max-snippet:-1,max-image-preview:large,max-video-preview:-1",no,no,,high
/tools/editor/flip-image-horizontal,200,https://pixaroid.vercel.app/tools/editor/flip-image-horizontal/,https://pixaroid.vercel.app/tools/editor/flip-image-horizontal/,yes,"index,follow,max-snippet:-1,max-image-preview:large,max-video-preview:-1",no,no,,high
/tools/editor/flip-image-vertical,200,https://pixaroid.vercel.app/tools/editor/flip-image-vertical/,https://pixaroid.vercel.app/tools/editor/flip-image-vertical/,yes,"index,follow,max-snippet:-1,max-image-preview:large,max-video-preview:-1",no,no,,high
/tools/editor/image-noise-reducer,200,https://pixaroid.vercel.app/tools/editor/image-noise-reducer/,https://pixaroid.vercel.app/tools/editor/image-noise-reducer/,yes,"index,follow,max-snippet:-1,max-image-preview:large,max-video-preview:-1",no,no,,high
/tools/editor/image-pixelate,200,https://pixaroid.vercel.app/tools/editor/image-pixelate/,https://pixaroid.vercel.app/tools/editor/image-pixelate/,yes,"index,follow,max-snippet:-1,max-image-preview:large,max-video-preview:-1",no,no,,high
/tools/editor/image-to-grayscale,200,https://pixaroid.vercel.app/tools/editor/image-to-grayscale/,https://pixaroid.vercel.app/tools/editor/image-to-grayscale/,yes,"index,follow,max-snippet:-1,max-image-preview:large,max-video-preview:-1",no,no,,high
/tools/editor/image-vignette,200,https://pixaroid.vercel.app/tools/editor/image-vignette/,https://pixaroid.vercel.app/tools/editor/image-vignette/,yes,"index,follow,max-snippet:-1,max-image-preview:large,max-video-preview:-1",no,no,,high
/tools/editor,200,https://pixaroid.vercel.app/tools/editor/,https://pixaroid.vercel.app/tools/editor/,yes,,no,no,,high
/tools/editor/invert-image-colors,200,https://pixaroid.vercel.app/tools/editor/invert-image-colors/,https://pixaroid.vercel.app/tools/editor/invert-image-colors/,yes,"index,follow,max-snippet:-1,max-image-preview:large,max-video-preview:-1",no,no,,high
/tools/editor/meme-generator,200,https://pixaroid.vercel.app/tools/editor/meme-generator/,https://pixaroid.vercel.app/tools/editor/meme-generator/,yes,"index,follow,max-snippet:-1,max-image-preview:large,max-video-preview:-1",no,no,,high
/tools/editor/rotate-image,200,https://pixaroid.vercel.app/tools/editor/rotate-image/,https://pixaroid.vercel.app/tools/editor/rotate-image/,yes,"index,follow,max-snippet:-1,max-image-preview:large,max-video-preview:-1",no,no,,high
/tools/editor/rotate-image-90,200,https://pixaroid.vercel.app/tools/editor/rotate-image-90/,https://pixaroid.vercel.app/tools/editor/rotate-image-90/,yes,"index,follow,max-snippet:-1,max-image-preview:large,max-video-preview:-1",no,no,,high
/tools/editor/round-image-corners,200,https://pixaroid.vercel.app/tools/editor/round-image-corners/,https://pixaroid.vercel.app/tools/editor/round-image-corners/,yes,"index,follow,max-snippet:-1,max-image-preview:large,max-video-preview:-1",no,no,,high
/tools/editor/sepia-filter,200,https://pixaroid.vercel.app/tools/editor/sepia-filter/,https://pixaroid.vercel.app/tools/editor/sepia-filter/,yes,"index,follow,max-snippet:-1,max-image-preview:large,max-video-preview:-1",no,no,,high
/tools/editor/sharpen-image,200,https://pixaroid.vercel.app/tools/editor/sharpen-image/,https://pixaroid.vercel.app/tools/editor/sharpen-image/,yes,"index,follow,max-snippet:-1,max-image-preview:large,max-video-preview:-1",no,no,,high
/tools/international,200,https://pixaroid.vercel.app/tools/international/,https://pixaroid.vercel.app/tools/international/,yes,"index, follow",no,no,,high
/tools/pdf-tools,200,https://pixaroid.vercel.app/tools/pdf-tools/,https://pixaroid.vercel.app/tools/pdf-tools/,yes,,no,no,,high
/tools/pdf-tools/jpg-to-pdf,200,https://pixaroid.vercel.app/tools/pdf-tools/jpg-to-pdf/,https://yourdomain.com/jpg-to-pdf,no,,no,no,cross_canonical,high
/tools/pdf-tools/pdf-compress,200,https://pixaroid.vercel.app/tools/pdf-tools/pdf-compress/,https://pixaroid.vercel.app/tools/pdf-tools/pdf-compress/,yes,"index,follow,max-snippet:-1,max-image-preview:large",no,no,,high
/tools/pdf-tools/pdf-editor,200,https://pixaroid.vercel.app/tools/pdf-tools/pdf-editor/,https://yourdomain.com/pdf-editor,no,,no,no,cross_canonical,high
/tools/pdf-tools/pdf-merge,200,https://pixaroid.vercel.app/tools/pdf-tools/pdf-merge/,https://pixaroid.vercel.app/tools/pdf-tools/pdf-merge/,yes,"index,follow,max-snippet:-1,max-image-preview:large,max-video-preview:-1",no,no,,high
/tools/pdf-tools/pdf-rotate,200,https://pixaroid.vercel.app/tools/pdf-tools/pdf-rotate/,https://yourdomain.com/pdf-rotate,no,,no,no,cross_canonical,high
/tools/pdf-tools/pdf-split,200,https://pixaroid.vercel.app/tools/pdf-tools/pdf-split/,https://yourdomain.com/pdf-split,no,,no,no,cross_canonical,high
/tools/pdf-tools/pdf-to-jpg,200,https://pixaroid.vercel.app/tools/pdf-tools/pdf-to-jpg/,https://yourdomain.com/pdf-to-jpg,no,,no,no,cross_canonical,high
/tools/pdf-tools/pdf-to-png,200,https://pixaroid.vercel.app/tools/pdf-tools/pdf-to-png/,https://yourdomain.com/pdf-to-png,no,,no,no,cross_canonical,high
/tools/pdf-tools/pdf-to-word,200,https://pixaroid.vercel.app/tools/pdf-tools/pdf-to-word/,https://yourdomain.com/pdf-to-word,no,,no,no,cross_canonical,high
/tools/pdf-tools/pdf-watermark,200,https://pixaroid.vercel.app/tools/pdf-tools/pdf-watermark/,https://yourdomain.com/pdf-watermark,no,,no,no,cross_canonical,high
/tools/pdf-tools/png-to-pdf,200,https://pixaroid.vercel.app/tools/pdf-tools/png-to-pdf/,https://yourdomain.com/png-to-pdf,no,,no,no,cross_canonical,high
/tools/resize/crop-image-16-9,200,https://pixaroid.vercel.app/tools/resize/crop-image-16-9/,https://pixaroid.vercel.app/tools/resize/resize-image-for-desktop-wallpaper/,no,"index,follow",no,no,cross_canonical,high
/tools/resize/crop-image-4-3,200,https://pixaroid.vercel.app/tools/resize/crop-image-4-3/,https://pixaroid.vercel.app/tools/resize/crop-image-4-3/,yes,"index,follow,max-snippet:-1,max-image-preview:large",no,no,,high
/tools/resize/crop-image-to-square,200,https://pixaroid.vercel.app/tools/resize/crop-image-to-square/,https://pixaroid.vercel.app/tools/resize/resize-image-for-pinterest-square/,no,"index,follow",no,no,cross_canonical,high
/tools/resize,200,https://pixaroid.vercel.app/tools/resize/,https://pixaroid.vercel.app/tools/resize/,yes,,no,no,,high
/tools/resize/resize-image,200,https://pixaroid.vercel.app/tools/resize/resize-image/,https://pixaroid.vercel.app/tools/resize/resize-image/,yes,"index,follow,max-snippet:-1,max-image-preview:large,max-video-preview:-1",no,no,,high
/tools/resize/resize-image-by-percentage,200,https://pixaroid.vercel.app/tools/resize/resize-image-by-percentage/,https://pixaroid.vercel.app/tools/resize/resize-image-by-percentage/,yes,"index,follow,max-snippet:-1,max-image-preview:large,max-video-preview:-1",no,no,,high
/tools/resize/resize-image-by-pixels,200,https://pixaroid.vercel.app/tools/resize/resize-image-by-pixels/,https://pixaroid.vercel.app/tools/resize/resize-image-by-pixels/,yes,"index,follow,max-snippet:-1,max-image-preview:large,max-video-preview:-1",no,no,,high
/tools/resize/resize-image-for-4k-wallpaper,200,https://pixaroid.vercel.app/tools/resize/resize-image-for-4k-wallpaper/,https://pixaroid.vercel.app/tools/resize/resize-image-for-4k-wallpaper/,yes,"index,follow,max-snippet:-1,max-image-preview:large",no,no,,high
/tools/resize/resize-image-for-amazon,200,https://pixaroid.vercel.app/tools/resize/resize-image-for-amazon/,https://pixaroid.vercel.app/tools/resize/resize-image-for-amazon/,yes,"index,follow,max-snippet:-1,max-image-preview:large",no,no,,high
/tools/resize/resize-image-for-android-wallpaper,200,https://pixaroid.vercel.app/tools/resize/resize-image-for-android-wallpaper/,https://pixaroid.vercel.app/tools/resize/resize-image-for-tiktok-video/,no,"index,follow",no,no,cross_canonical,high
/tools/resize/resize-image-for-app-icon,200,https://pixaroid.vercel.app/tools/resize/resize-image-for-app-icon/,https://pixaroid.vercel.app/tools/resize/resize-image-for-app-icon/,yes,"index,follow,max-snippet:-1,max-image-preview:large",no,no,,high
/tools/resize/resize-image-for-banner,200,https://pixaroid.vercel.app/tools/resize/resize-image-for-banner/,https://pixaroid.vercel.app/tools/resize/resize-image-for-banner/,yes,"index,follow,max-snippet:-1,max-image-preview:large",no,no,,high
/tools/resize/resize-image-for-blog,200,https://pixaroid.vercel.app/tools/resize/resize-image-for-blog/,https://pixaroid.vercel.app/tools/resize/resize-image-to-1200x628/,no,"index,follow",no,no,cross_canonical,high
/tools/resize/resize-image-for-chromebook,200,https://pixaroid.vercel.app/tools/resize/resize-image-for-chromebook/,https://pixaroid.vercel.app/tools/resize/resize-image-for-chromebook/,yes,"index,follow,max-snippet:-1,max-image-preview:large",no,no,,high
/tools/resize/resize-image-for-cv,200,https://pixaroid.vercel.app/tools/resize/resize-image-for-cv/,https://pixaroid.vercel.app/tools/resize/resize-image-for-cv/,yes,"index,follow,max-snippet:-1,max-image-preview:large",no,no,,high
/tools/resize/resize-image-for-desktop-wallpaper,200,https://pixaroid.vercel.app/tools/resize/resize-image-for-desktop-wallpaper/,https://pixaroid.vercel.app/tools/resize/resize-image-for-desktop-wallpaper/,yes,"index,follow,max-snippet:-1,max-image-preview:large",no,no,,high
/tools/resize/resize-image-for-discord-avatar,200,https://pixaroid.vercel.app/tools/resize/resize-image-for-discord-avatar/,https://pixaroid.vercel.app/tools/resize/resize-image-to-512x512/,no,"index,follow",no,no,cross_canonical,high
/tools/resize/resize-image-for-discord-banner,200,https://pixaroid.vercel.app/tools/resize/resize-image-for-discord-banner/,https://pixaroid.vercel.app/tools/resize/resize-image-for-discord-banner/,yes,"index,follow,max-snippet:-1,max-image-preview:large",no,no,,high
/tools/resize/resize-image-for-ebay,200,https://pixaroid.vercel.app/tools/resize/resize-image-for-ebay/,https://pixaroid.vercel.app/tools/resize/resize-image-for-ebay/,yes,"index,follow,max-snippet:-1,max-image-preview:large",no,no,,high
/tools/resize/resize-image-for-email-signature,200,https://pixaroid.vercel.app/tools/resize/resize-image-for-email-signature/,https://pixaroid.vercel.app/tools/resize/resize-image-for-email-signature/,yes,"index,follow,max-snippet:-1,max-image-preview:large",no,no,,high
/tools/resize/resize-image-for-etsy,200,https://pixaroid.vercel.app/tools/resize/resize-image-for-etsy/,https://pixaroid.vercel.app/tools/resize/resize-image-for-etsy/,yes,"index,follow,max-snippet:-1,max-image-preview:large",no,no,,high
/tools/resize/resize-image-for-facebook,200,https://pixaroid.vercel.app/tools/resize/resize-image-for-facebook/,https://pixaroid.vercel.app/tools/resize/resize-image-for-facebook/,yes,"index,follow,max-snippet:-1,max-image-preview:large,max-video-preview:-1",no,no,,high
/tools/resize/resize-image-for-facebook-1200x630,200,https://pixaroid.vercel.app/tools/resize/resize-image-for-facebook-1200x630/,https://pixaroid.vercel.app/tools/resize/resize-image-for-facebook/,no,"index,follow",no,no,cross_canonical,high
/tools/resize/resize-image-for-facebook-170x170,200,https://pixaroid.vercel.app/tools/resize/resize-image-for-facebook-170x170/,https://pixaroid.vercel.app/tools/resize/resize-image-for-facebook/,no,"index,follow",no,no,cross_canonical,high
/tools/resize/resize-image-for-facebook-1920x1005,200,https://pixaroid.vercel.app/tools/resize/resize-image-for-facebook-1920x1005/,https://pixaroid.vercel.app/tools/resize/resize-image-for-facebook/,no,"index,follow",no,no,cross_canonical,high
/tools/resize/resize-image-for-facebook-820x312,200,https://pixaroid.vercel.app/tools/resize/resize-image-for-facebook-820x312/,https://pixaroid.vercel.app/tools/resize/resize-image-for-facebook/,no,"index,follow",no,no,cross_canonical,high
/tools/resize/resize-image-for-facebook-cover-photo,200,https://pixaroid.vercel.app/tools/resize/resize-image-for-facebook-cover-photo/,https://pixaroid.vercel.app/tools/resize/resize-image-for-facebook/,no,"index,follow",no,no,cross_canonical,high
/tools/resize/resize-image-for-facebook-post,200,https://pixaroid.vercel.app/tools/resize/resize-image-for-facebook-post/,https://pixaroid.vercel.app/tools/resize/resize-image-for-facebook/,no,"index,follow",no,no,cross_canonical,high
/tools/resize/resize-image-for-facebook-profile,200,https://pixaroid.vercel.app/tools/resize/resize-image-for-facebook-profile/,https://pixaroid.vercel.app/tools/resize/resize-image-for-facebook/,no,"index,follow",no,no,cross_canonical,high
/tools/resize/resize-image-for-facebook-story,200,https://pixaroid.vercel.app/tools/resize/resize-image-for-facebook-story/,https://pixaroid.vercel.app/tools/resize/resize-image-for-tiktok-video/,no,"index,follow",no,no,cross_canonical,high
/tools/resize/resize-image-for-favicon,200,https://pixaroid.vercel.app/tools/resize/resize-image-for-favicon/,https://pixaroid.vercel.app/tools/resize/resize-image-for-favicon/,yes,"index,follow,max-snippet:-1,max-image-preview:large",no,no,,high
/tools/resize/resize-image-for-google-meet,200,https://pixaroid.vercel.app/tools/resize/resize-image-for-google-meet/,https://pixaroid.vercel.app/tools/resize/resize-image-for-desktop-wallpaper/,no,"index,follow",no,no,cross_canonical,high
/tools/resize/resize-image-for-id-card,200,https://pixaroid.vercel.app/tools/resize/resize-image-for-id-card/,https://pixaroid.vercel.app/tools/resize/resize-image-for-id-card/,yes,"index,follow,max-snippet:-1,max-image-preview:large",no,no,,high
/tools/resize/resize-image-for-instagram,200,https://pixaroid.vercel.app/tools/resize/resize-image-for-instagram/,https://pixaroid.vercel.app/tools/resize/resize-image-for-instagram/,yes,"index,follow,max-snippet:-1,max-image-preview:large,max-video-preview:-1",no,no,,high
/tools/resize/resize-image-for-instagram-1080x1080,200,https://pixaroid.vercel.app/tools/resize/resize-image-for-instagram-1080x1080/,https://pixaroid.vercel.app/tools/resize/resize-image-for-instagram/,no,"index,follow",no,no,cross_canonical,high
/tools/resize/resize-image-for-instagram-1080x1350,200,https://pixaroid.vercel.app/tools/resize/resize-image-for-instagram-1080x1350/,https://pixaroid.vercel.app/tools/resize/resize-image-for-instagram/,no,"index,follow",no,no,cross_canonical,high
/tools/resize/resize-image-for-instagram-1080x1920,200,https://pixaroid.vercel.app/tools/resize/resize-image-for-instagram-1080x1920/,https://pixaroid.vercel.app/tools/resize/resize-image-for-instagram/,no,"index,follow",no,no,cross_canonical,high
/tools/resize/resize-image-for-instagram-1080x566,200,https://pixaroid.vercel.app/tools/resize/resize-image-for-instagram-1080x566/,https://pixaroid.vercel.app/tools/resize/resize-image-for-instagram/,no,"index,follow",no,no,cross_canonical,high
/tools/resize/resize-image-for-instagram-320x320,200,https://pixaroid.vercel.app/tools/resize/resize-image-for-instagram-320x320/,https://pixaroid.vercel.app/tools/resize/resize-image-for-instagram/,no,"index,follow",no,no,cross_canonical,high
/tools/resize/resize-image-for-instagram-landscape,200,https://pixaroid.vercel.app/tools/resize/resize-image-for-instagram-landscape/,https://pixaroid.vercel.app/tools/resize/resize-image-for-instagram/,no,"index,follow",no,no,cross_canonical,high
/tools/resize/resize-image-for-instagram-portrait,200,https://pixaroid.vercel.app/tools/resize/resize-image-for-instagram-portrait/,https://pixaroid.vercel.app/tools/resize/resize-image-for-instagram/,no,"index,follow",no,no,cross_canonical,high
/tools/resize/resize-image-for-instagram-post,200,https://pixaroid.vercel.app/tools/resize/resize-image-for-instagram-post/,https://pixaroid.vercel.app/tools/resize/resize-image-for-instagram/,no,"index,follow",no,no,cross_canonical,high
/tools/resize/resize-image-for-instagram-profile,200,https://pixaroid.vercel.app/tools/resize/resize-image-for-instagram-profile/,https://pixaroid.vercel.app/tools/resize/resize-image-for-instagram/,no,"index,follow",no,no,cross_canonical,high
/tools/resize/resize-image-for-instagram-story,200,https://pixaroid.vercel.app/tools/resize/resize-image-for-instagram-story/,https://pixaroid.vercel.app/tools/resize/resize-image-for-tiktok-video/,no,"index,follow",no,no,cross_canonical,high
/tools/resize/resize-image-for-ipad-wallpaper,200,https://pixaroid.vercel.app/tools/resize/resize-image-for-ipad-wallpaper/,https://pixaroid.vercel.app/tools/resize/resize-image-for-ipad-wallpaper/,yes,"index,follow,max-snippet:-1,max-image-preview:large",no,no,,high
/tools/resize/resize-image-for-iphone-14-pro,200,https://pixaroid.vercel.app/tools/resize/resize-image-for-iphone-14-pro/,https://pixaroid.vercel.app/tools/resize/resize-image-for-iphone-15/,no,"index,follow",no,no,cross_canonical,high
/tools/resize/resize-image-for-iphone-15,200,https://pixaroid.vercel.app/tools/resize/resize-image-for-iphone-15/,https://pixaroid.vercel.app/tools/resize/resize-image-for-iphone-15/,yes,"index,follow,max-snippet:-1,max-image-preview:large",no,no,,high
/tools/resize/resize-image-for-iphone-wallpaper,200,https://pixaroid.vercel.app/tools/resize/resize-image-for-iphone-wallpaper/,https://pixaroid.vercel.app/tools/resize/resize-image-for-iphone-wallpaper/,yes,"index,follow,max-snippet:-1,max-image-preview:large",no,no,,high
/tools/resize/resize-image-for-linkedin,200,https://pixaroid.vercel.app/tools/resize/resize-image-for-linkedin/,https://pixaroid.vercel.app/tools/resize/resize-image-for-linkedin/,yes,"index,follow,max-snippet:-1,max-image-preview:large,max-video-preview:-1",no,no,,high
/tools/resize/resize-image-for-linkedin-1200x627,200,https://pixaroid.vercel.app/tools/resize/resize-image-for-linkedin-1200x627/,https://pixaroid.vercel.app/tools/resize/resize-image-for-linkedin/,no,"index,follow",no,no,cross_canonical,high
/tools/resize/resize-image-for-linkedin-1584x396,200,https://pixaroid.vercel.app/tools/resize/resize-image-for-linkedin-1584x396/,https://pixaroid.vercel.app/tools/resize/resize-image-for-linkedin/,no,"index,follow",no,no,cross_canonical,high
/tools/resize/resize-image-for-linkedin-400x400,200,https://pixaroid.vercel.app/tools/resize/resize-image-for-linkedin-400x400/,https://pixaroid.vercel.app/tools/resize/resize-image-for-linkedin/,no,"index,follow",no,no,cross_canonical,high
/tools/resize/resize-image-for-linkedin-banner,200,https://pixaroid.vercel.app/tools/resize/resize-image-for-linkedin-banner/,https://pixaroid.vercel.app/tools/resize/resize-image-for-linkedin/,no,"index,follow",no,no,cross_canonical,high
/tools/resize/resize-image-for-linkedin-post,200,https://pixaroid.vercel.app/tools/resize/resize-image-for-linkedin-post/,https://pixaroid.vercel.app/tools/resize/resize-image-for-linkedin/,no,"index,follow",no,no,cross_canonical,high
/tools/resize/resize-image-for-linkedin-profile,200,https://pixaroid.vercel.app/tools/resize/resize-image-for-linkedin-profile/,https://pixaroid.vercel.app/tools/resize/resize-image-for-twitter-profile/,no,"index,follow",no,no,cross_canonical,high
/tools/resize/resize-image-for-macbook-wallpaper,200,https://pixaroid.vercel.app/tools/resize/resize-image-for-macbook-wallpaper/,https://pixaroid.vercel.app/tools/resize/resize-image-for-macbook-wallpaper/,yes,"index,follow,max-snippet:-1,max-image-preview:large",no,no,,high
/tools/resize/resize-image-for-pinterest,200,https://pixaroid.vercel.app/tools/resize/resize-image-for-pinterest/,https://pixaroid.vercel.app/tools/resize/resize-image-for-pinterest/,yes,"index, follow",no,no,,high
/tools/resize/resize-image-for-pinterest-1000x1000,200,https://pixaroid.vercel.app/tools/resize/resize-image-for-pinterest-1000x1000/,https://pixaroid.vercel.app/tools/resize/resize-image-for-pinterest/,no,"index,follow",no,no,cross_canonical,high
/tools/resize/resize-image-for-pinterest-1000x1500,200,https://pixaroid.vercel.app/tools/resize/resize-image-for-pinterest-1000x1500/,https://pixaroid.vercel.app/tools/resize/resize-image-for-pinterest/,no,"index,follow",no,no,cross_canonical,high
/tools/resize/resize-image-for-pinterest-1000x3000,200,https://pixaroid.vercel.app/tools/resize/resize-image-for-pinterest-1000x3000/,https://pixaroid.vercel.app/tools/resize/resize-image-for-pinterest/,no,"index,follow",no,no,cross_canonical,high
/tools/resize/resize-image-for-pinterest-165x165,200,https://pixaroid.vercel.app/tools/resize/resize-image-for-pinterest-165x165/,https://pixaroid.vercel.app/tools/resize/resize-image-for-pinterest/,no,"index,follow",no,no,cross_canonical,high
/tools/resize/resize-image-for-pinterest-infographic,200,https://pixaroid.vercel.app/tools/resize/resize-image-for-pinterest-infographic/,https://pixaroid.vercel.app/tools/resize/resize-image-for-pinterest/,no,"index,follow",no,no,cross_canonical,high
/tools/resize/resize-image-for-pinterest-pin,200,https://pixaroid.vercel.app/tools/resize/resize-image-for-pinterest-pin/,https://pixaroid.vercel.app/tools/resize/resize-image-for-pinterest/,no,"index,follow",no,no,cross_canonical,high
/tools/resize/resize-image-for-pinterest-square,200,https://pixaroid.vercel.app/tools/resize/resize-image-for-pinterest-square/,https://pixaroid.vercel.app/tools/resize/resize-image-for-pinterest/,no,"index,follow",no,no,cross_canonical,high
/tools/resize/resize-image-for-shopify,200,https://pixaroid.vercel.app/tools/resize/resize-image-for-shopify/,https://pixaroid.vercel.app/tools/resize/resize-image-to-2048x2048/,no,"index,follow",no,no,cross_canonical,high
/tools/resize/resize-image-for-snapchat-1080x1080,200,https://pixaroid.vercel.app/tools/resize/resize-image-for-snapchat-1080x1080/,https://pixaroid.vercel.app/tools/resize/resize-image-for-snapchat-1080x1080/,yes,"index,follow",no,no,,high
/tools/resize/resize-image-for-snapchat-1080x1920,200,https://pixaroid.vercel.app/tools/resize/resize-image-for-snapchat-1080x1920/,https://pixaroid.vercel.app/tools/resize/resize-image-for-snapchat-1080x1920/,yes,"index,follow",no,no,,high
/tools/resize/resize-image-for-snapchat-story,200,https://pixaroid.vercel.app/tools/resize/resize-image-for-snapchat-story/,https://pixaroid.vercel.app/tools/resize/resize-image-for-tiktok-video/,no,"index,follow",no,no,cross_canonical,high
/tools/resize/resize-image-for-tiktok,200,https://pixaroid.vercel.app/tools/resize/resize-image-for-tiktok/,https://pixaroid.vercel.app/tools/resize/resize-image-for-tiktok/,yes,"index,follow,max-snippet:-1,max-image-preview:large,max-video-preview:-1",no,no,,high
/tools/resize/resize-image-for-tiktok-1080x1080,200,https://pixaroid.vercel.app/tools/resize/resize-image-for-tiktok-1080x1080/,https://pixaroid.vercel.app/tools/resize/resize-image-for-tiktok/,no,"index,follow",no,no,cross_canonical,high
/tools/resize/resize-image-for-tiktok-1080x1920,200,https://pixaroid.vercel.app/tools/resize/resize-image-for-tiktok-1080x1920/,https://pixaroid.vercel.app/tools/resize/resize-image-for-tiktok/,no,"index,follow",no,no,cross_canonical,high
/tools/resize/resize-image-for-tiktok-1920x1080,200,https://pixaroid.vercel.app/tools/resize/resize-image-for-tiktok-1920x1080/,https://pixaroid.vercel.app/tools/resize/resize-image-for-tiktok/,no,"index,follow",no,no,cross_canonical,high
/tools/resize/resize-image-for-tiktok-profile,200,https://pixaroid.vercel.app/tools/resize/resize-image-for-tiktok-profile/,https://pixaroid.vercel.app/tools/resize/resize-image-for-cv/,no,"index,follow",no,no,cross_canonical,high
/tools/resize/resize-image-for-tiktok-video,200,https://pixaroid.vercel.app/tools/resize/resize-image-for-tiktok-video/,https://pixaroid.vercel.app/tools/resize/resize-image-for-tiktok/,no,"index,follow",no,no,cross_canonical,high
/tools/resize/resize-image-for-twitter,200,https://pixaroid.vercel.app/tools/resize/resize-image-for-twitter/,https://pixaroid.vercel.app/tools/resize/resize-image-for-twitter/,yes,"index,follow,max-snippet:-1,max-image-preview:large,max-video-preview:-1",no,no,,high
/tools/resize/resize-image-for-twitter-1200x675,200,https://pixaroid.vercel.app/tools/resize/resize-image-for-twitter-1200x675/,https://pixaroid.vercel.app/tools/resize/resize-image-for-twitter/,no,"index,follow",no,no,cross_canonical,high
/tools/resize/resize-image-for-twitter-1500x500,200,https://pixaroid.vercel.app/tools/resize/resize-image-for-twitter-1500x500/,https://pixaroid.vercel.app/tools/resize/resize-image-for-twitter/,no,"index,follow",no,no,cross_canonical,high
/tools/resize/resize-image-for-twitter-400x400,200,https://pixaroid.vercel.app/tools/resize/resize-image-for-twitter-400x400/,https://pixaroid.vercel.app/tools/resize/resize-image-for-twitter/,no,"index,follow",no,no,cross_canonical,high
/tools/resize/resize-image-for-twitter-header,200,https://pixaroid.vercel.app/tools/resize/resize-image-for-twitter-header/,https://pixaroid.vercel.app/tools/resize/resize-image-for-twitter/,no,"index,follow",no,no,cross_canonical,high
/tools/resize/resize-image-for-twitter-post,200,https://pixaroid.vercel.app/tools/resize/resize-image-for-twitter-post/,https://pixaroid.vercel.app/tools/resize/resize-image-for-twitter/,no,"index,follow",no,no,cross_canonical,high
/tools/resize/resize-image-for-twitter-profile,200,https://pixaroid.vercel.app/tools/resize/resize-image-for-twitter-profile/,https://pixaroid.vercel.app/tools/resize/resize-image-for-twitter/,no,"index,follow",no,no,cross_canonical,high
/tools/resize/resize-image-for-visa,200,https://pixaroid.vercel.app/tools/resize/resize-image-for-visa/,https://pixaroid.vercel.app/tools/resize/resize-image-for-visa/,yes,"index,follow,max-snippet:-1,max-image-preview:large",no,no,,high
/tools/resize/resize-image-for-website,200,https://pixaroid.vercel.app/tools/resize/resize-image-for-website/,https://pixaroid.vercel.app/tools/resize/resize-image-for-website/,yes,"index,follow,max-snippet:-1,max-image-preview:large,max-video-preview:-1",no,no,,high
/tools/resize/resize-image-for-whatsapp,200,https://pixaroid.vercel.app/tools/resize/resize-image-for-whatsapp/,https://pixaroid.vercel.app/tools/resize/resize-image-for-whatsapp/,yes,"index,follow,max-snippet:-1,max-image-preview:large,max-video-preview:-1",no,no,,high
/tools/resize/resize-image-for-whatsapp-1080x1920,200,https://pixaroid.vercel.app/tools/resize/resize-image-for-whatsapp-1080x1920/,https://pixaroid.vercel.app/tools/resize/resize-image-for-whatsapp/,no,"index,follow",no,no,cross_canonical,high
/tools/resize/resize-image-for-whatsapp-500x500,200,https://pixaroid.vercel.app/tools/resize/resize-image-for-whatsapp-500x500/,https://pixaroid.vercel.app/tools/resize/resize-image-for-whatsapp/,no,"index,follow",no,no,cross_canonical,high
/tools/resize/resize-image-for-whatsapp-512x512,200,https://pixaroid.vercel.app/tools/resize/resize-image-for-whatsapp-512x512/,https://pixaroid.vercel.app/tools/resize/resize-image-for-whatsapp/,no,"index,follow",no,no,cross_canonical,high
/tools/resize/resize-image-for-whatsapp-dp,200,https://pixaroid.vercel.app/tools/resize/resize-image-for-whatsapp-dp/,https://pixaroid.vercel.app/tools/resize/resize-image-for-whatsapp/,no,"index,follow",no,no,cross_canonical,high
/tools/resize/resize-image-for-whatsapp-status,200,https://pixaroid.vercel.app/tools/resize/resize-image-for-whatsapp-status/,https://pixaroid.vercel.app/tools/resize/resize-image-for-tiktok-video/,no,"index,follow",no,no,cross_canonical,high
/tools/resize/resize-image-for-windows-wallpaper,200,https://pixaroid.vercel.app/tools/resize/resize-image-for-windows-wallpaper/,https://pixaroid.vercel.app/tools/resize/resize-image-for-desktop-wallpaper/,no,"index,follow",no,no,cross_canonical,high
/tools/resize/resize-image-for-woocommerce,200,https://pixaroid.vercel.app/tools/resize/resize-image-for-woocommerce/,https://pixaroid.vercel.app/tools/resize/resize-image-for-youtube-profile/,no,"index,follow",no,no,cross_canonical,high
/tools/resize/resize-image-for-youtube,200,https://pixaroid.vercel.app/tools/resize/resize-image-for-youtube/,https://pixaroid.vercel.app/tools/resize/resize-image-for-youtube/,yes,"index,follow,max-snippet:-1,max-image-preview:large,max-video-preview:-1",no,no,,high
/tools/resize/resize-image-for-youtube-1280x720,200,https://pixaroid.vercel.app/tools/resize/resize-image-for-youtube-1280x720/,https://pixaroid.vercel.app/tools/resize/resize-image-for-youtube/,no,"index,follow",no,no,cross_canonical,high
/tools/resize/resize-image-for-youtube-2560x1440,200,https://pixaroid.vercel.app/tools/resize/resize-image-for-youtube-2560x1440/,https://pixaroid.vercel.app/tools/resize/resize-image-for-youtube/,no,"index,follow",no,no,cross_canonical,high
/tools/resize/resize-image-for-youtube-800x800,200,https://pixaroid.vercel.app/tools/resize/resize-image-for-youtube-800x800/,https://pixaroid.vercel.app/tools/resize/resize-image-for-youtube/,no,"index,follow",no,no,cross_canonical,high
/tools/resize/resize-image-for-youtube-banner,200,https://pixaroid.vercel.app/tools/resize/resize-image-for-youtube-banner/,https://pixaroid.vercel.app/tools/resize/resize-image-for-youtube/,no,"index,follow",no,no,cross_canonical,high
/tools/resize/resize-image-for-youtube-profile,200,https://pixaroid.vercel.app/tools/resize/resize-image-for-youtube-profile/,https://pixaroid.vercel.app/tools/resize/resize-image-for-youtube/,no,"index,follow",no,no,cross_canonical,high
/tools/resize/resize-image-for-youtube-thumbnail,200,https://pixaroid.vercel.app/tools/resize/resize-image-for-youtube-thumbnail/,https://pixaroid.vercel.app/tools/resize/resize-image-for-youtube/,no,"index,follow",no,no,cross_canonical,high
/tools/resize/resize-image-for-zoom,200,https://pixaroid.vercel.app/tools/resize/resize-image-for-zoom/,https://pixaroid.vercel.app/tools/resize/resize-image-for-desktop-wallpaper/,no,"index,follow",no,no,cross_canonical,high
/tools/resize/resize-image-to-1000x1000,200,https://pixaroid.vercel.app/tools/resize/resize-image-to-1000x1000/,https://pixaroid.vercel.app/tools/resize/resize-image-to-1000x1000/,yes,"index,follow",no,no,,high
/tools/resize/resize-image-to-100x100,200,https://pixaroid.vercel.app/tools/resize/resize-image-to-100x100/,https://pixaroid.vercel.app/tools/resize/resize-image-to-100x100/,yes,"index,follow",no,no,,high
/tools/resize/resize-image-to-1024x1024,200,https://pixaroid.vercel.app/tools/resize/resize-image-to-1024x1024/,https://pixaroid.vercel.app/tools/resize/resize-image-for-app-icon/,no,"index,follow",no,no,cross_canonical,high
/tools/resize/resize-image-to-1024x768,200,https://pixaroid.vercel.app/tools/resize/resize-image-to-1024x768/,https://pixaroid.vercel.app/tools/resize/resize-image-to-1024x768/,yes,"index,follow",no,no,,high
/tools/resize/resize-image-to-1080x1080,200,https://pixaroid.vercel.app/tools/resize/resize-image-to-1080x1080/,https://pixaroid.vercel.app/tools/resize/resize-image-for-instagram-post/,no,"index,follow",no,no,cross_canonical,high
/tools/resize/resize-image-to-1080x1920,200,https://pixaroid.vercel.app/tools/resize/resize-image-to-1080x1920/,https://pixaroid.vercel.app/tools/resize/resize-image-for-tiktok-video/,no,"index,follow",no,no,cross_canonical,high
/tools/resize/resize-image-to-1200x628,200,https://pixaroid.vercel.app/tools/resize/resize-image-to-1200x628/,https://pixaroid.vercel.app/tools/resize/resize-image-to-1200x628/,yes,"index,follow,max-snippet:-1,max-image-preview:large",no,no,,high
/tools/resize/resize-image-to-1200x800,200,https://pixaroid.vercel.app/tools/resize/resize-image-to-1200x800/,https://pixaroid.vercel.app/tools/resize/resize-image-to-1200x800/,yes,"index,follow",no,no,,high
/tools/resize/resize-image-to-1200x900,200,https://pixaroid.vercel.app/tools/resize/resize-image-to-1200x900/,https://pixaroid.vercel.app/tools/resize/resize-image-to-1200x900/,yes,"index,follow,max-snippet:-1,max-image-preview:large",no,no,,high
/tools/resize/resize-image-to-1280x720,200,https://pixaroid.vercel.app/tools/resize/resize-image-to-1280x720/,https://pixaroid.vercel.app/tools/resize/resize-image-to-1280x720/,yes,"index,follow",no,no,,high
/tools/resize/resize-image-to-1366x768,200,https://pixaroid.vercel.app/tools/resize/resize-image-to-1366x768/,https://pixaroid.vercel.app/tools/resize/resize-image-to-1366x768/,yes,"index,follow",no,no,,high
/tools/resize/resize-image-to-1440x900,200,https://pixaroid.vercel.app/tools/resize/resize-image-to-1440x900/,https://pixaroid.vercel.app/tools/resize/resize-image-to-1440x900/,yes,"index,follow,max-snippet:-1,max-image-preview:large",no,no,,high
/tools/resize/resize-image-to-150dpi,200,https://pixaroid.vercel.app/tools/resize/resize-image-to-150dpi/,https://pixaroid.vercel.app/tools/resize/resize-image-for-desktop-wallpaper/,no,"index,follow",no,no,cross_canonical,high
/tools/resize/resize-image-to-150x150,200,https://pixaroid.vercel.app/tools/resize/resize-image-to-150x150/,https://pixaroid.vercel.app/tools/resize/resize-image-to-150x150/,yes,"index,follow",no,no,,high
/tools/resize/resize-image-to-1600x900,200,https://pixaroid.vercel.app/tools/resize/resize-image-to-1600x900/,https://pixaroid.vercel.app/tools/resize/resize-image-to-1600x900/,yes,"index,follow,max-snippet:-1,max-image-preview:large",no,no,,high
/tools/resize/resize-image-to-1920x1080,200,https://pixaroid.vercel.app/tools/resize/resize-image-to-1920x1080/,https://pixaroid.vercel.app/tools/resize/resize-image-to-1920x1080/,yes,"index,follow",no,no,,high
/tools/resize/resize-image-to-200x200,200,https://pixaroid.vercel.app/tools/resize/resize-image-to-200x200/,https://pixaroid.vercel.app/tools/resize/resize-image-to-200x200/,yes,"index,follow",no,no,,high
/tools/resize/resize-image-to-2048x1536,200,https://pixaroid.vercel.app/tools/resize/resize-image-to-2048x1536/,https://pixaroid.vercel.app/tools/resize/resize-image-to-2048x1536/,yes,"index,follow",no,no,,high
/tools/resize/resize-image-to-2048x2048,200,https://pixaroid.vercel.app/tools/resize/resize-image-to-2048x2048/,https://pixaroid.vercel.app/tools/resize/resize-image-to-2048x2048/,yes,"index,follow,max-snippet:-1,max-image-preview:large",no,no,,high
/tools/resize/resize-image-to-2560x1440,200,https://pixaroid.vercel.app/tools/resize/resize-image-to-2560x1440/,https://pixaroid.vercel.app/tools/resize/resize-image-to-2560x1440/,yes,"index,follow",no,no,,high
/tools/resize/resize-image-to-256x256,200,https://pixaroid.vercel.app/tools/resize/resize-image-to-256x256/,https://pixaroid.vercel.app/tools/resize/resize-image-to-256x256/,yes,"index,follow,max-snippet:-1,max-image-preview:large",no,no,,high
/tools/resize/resize-image-to-300dpi,200,https://pixaroid.vercel.app/tools/resize/resize-image-to-300dpi/,https://pixaroid.vercel.app/tools/resize/resize-image-to-300dpi/,yes,"index,follow,max-snippet:-1,max-image-preview:large,max-video-preview:-1",no,no,,high
/tools/resize/resize-image-to-300x300,200,https://pixaroid.vercel.app/tools/resize/resize-image-to-300x300/,https://pixaroid.vercel.app/tools/resize/resize-image-to-300x300/,yes,"index,follow",no,no,,high
/tools/resize/resize-image-to-320x240,200,https://pixaroid.vercel.app/tools/resize/resize-image-to-320x240/,https://pixaroid.vercel.app/tools/resize/resize-image-to-320x240/,yes,"index,follow",no,no,,high
/tools/resize/resize-image-to-3840x2160,200,https://pixaroid.vercel.app/tools/resize/resize-image-to-3840x2160/,https://pixaroid.vercel.app/tools/resize/resize-image-to-3840x2160/,yes,"index,follow",no,no,,high
/tools/resize/resize-image-to-400x400,200,https://pixaroid.vercel.app/tools/resize/resize-image-to-400x400/,https://pixaroid.vercel.app/tools/resize/resize-image-to-400x400/,yes,"index,follow",no,no,,high
/tools/resize/resize-image-to-480x480,200,https://pixaroid.vercel.app/tools/resize/resize-image-to-480x480/,https://pixaroid.vercel.app/tools/resize/resize-image-to-480x480/,yes,"index,follow,max-snippet:-1,max-image-preview:large",no,no,,high
/tools/resize/resize-image-to-500x500,200,https://pixaroid.vercel.app/tools/resize/resize-image-to-500x500/,https://pixaroid.vercel.app/tools/resize/resize-image-to-500x500/,yes,"index,follow",no,no,,high
/tools/resize/resize-image-to-512x512,200,https://pixaroid.vercel.app/tools/resize/resize-image-to-512x512/,https://pixaroid.vercel.app/tools/resize/resize-image-to-512x512/,yes,"index,follow,max-snippet:-1,max-image-preview:large",no,no,,high
/tools/resize/resize-image-to-600dpi,200,https://pixaroid.vercel.app/tools/resize/resize-image-to-600dpi/,https://pixaroid.vercel.app/tools/resize/resize-image-for-desktop-wallpaper/,no,"index,follow",no,no,cross_canonical,high
/tools/resize/resize-image-to-600x600,200,https://pixaroid.vercel.app/tools/resize/resize-image-to-600x600/,https://pixaroid.vercel.app/tools/resize/resize-image-to-600x600/,yes,"index,follow",no,no,,high
/tools/resize/resize-image-to-640x480,200,https://pixaroid.vercel.app/tools/resize/resize-image-to-640x480/,https://pixaroid.vercel.app/tools/resize/resize-image-to-640x480/,yes,"index,follow",no,no,,high
/tools/resize/resize-image-to-72dpi,200,https://pixaroid.vercel.app/tools/resize/resize-image-to-72dpi/,https://pixaroid.vercel.app/tools/resize/resize-image-for-desktop-wallpaper/,no,"index,follow",no,no,cross_canonical,high
/tools/resize/resize-image-to-750x1334,200,https://pixaroid.vercel.app/tools/resize/resize-image-to-750x1334/,https://pixaroid.vercel.app/tools/resize/resize-image-to-750x1334/,yes,"index,follow,max-snippet:-1,max-image-preview:large",no,no,,high
/tools/resize/resize-image-to-800x600,200,https://pixaroid.vercel.app/tools/resize/resize-image-to-800x600/,https://pixaroid.vercel.app/tools/resize/resize-image-to-800x600/,yes,"index,follow",no,no,,high
/tools/resize/resize-image-to-800x800,200,https://pixaroid.vercel.app/tools/resize/resize-image-to-800x800/,https://pixaroid.vercel.app/tools/resize/resize-image-to-800x800/,yes,"index,follow",no,no,,high
/tools/resize/resize-image-to-96dpi,200,https://pixaroid.vercel.app/tools/resize/resize-image-to-96dpi/,https://pixaroid.vercel.app/tools/resize/resize-image-for-desktop-wallpaper/,no,"index,follow",no,no,cross_canonical,high
/tools/resize/resize-passport-photo,200,https://pixaroid.vercel.app/tools/resize/resize-passport-photo/,https://pixaroid.vercel.app/tools/resize/resize-passport-photo/,yes,"index,follow,max-snippet:-1,max-image-preview:large,max-video-preview:-1",no,no,,high
/tools/social-tools/facebook-cover-maker,200,https://pixaroid.vercel.app/tools/social-tools/facebook-cover-maker/,https://pixaroid.vercel.app/tools/social-tools/facebook-cover-maker/,yes,"index,follow,max-snippet:-1,max-image-preview:large,max-video-preview:-1",no,no,,high
/tools/social-tools,200,https://pixaroid.vercel.app/tools/social-tools/,https://pixaroid.vercel.app/tools/social-tools/,yes,,no,no,,high
/tools/social-tools/instagram-post-maker,200,https://pixaroid.vercel.app/tools/social-tools/instagram-post-maker/,https://pixaroid.vercel.app/tools/social-tools/instagram-post-maker/,yes,"index,follow,max-snippet:-1,max-image-preview:large,max-video-preview:-1",no,no,,high
/tools/social-tools/linkedin-banner-maker,200,https://pixaroid.vercel.app/tools/social-tools/linkedin-banner-maker/,https://pixaroid.vercel.app/tools/social-tools/linkedin-banner-maker/,yes,"index,follow,max-snippet:-1,max-image-preview:large,max-video-preview:-1",no,no,,high
/tools/social-tools/twitter-header-maker,200,https://pixaroid.vercel.app/tools/social-tools/twitter-header-maker/,https://pixaroid.vercel.app/tools/social-tools/twitter-header-maker/,yes,"index,follow,max-snippet:-1,max-image-preview:large,max-video-preview:-1",no,no,,high
/tools/social-tools/whatsapp-dp-resizer,200,https://pixaroid.vercel.app/tools/social-tools/whatsapp-dp-resizer/,https://pixaroid.vercel.app/tools/social-tools/whatsapp-dp-resizer/,yes,"index,follow,max-snippet:-1,max-image-preview:large,max-video-preview:-1",no,no,,high
/tools/social-tools/youtube-thumbnail-maker,200,https://pixaroid.vercel.app/tools/social-tools/youtube-thumbnail-maker/,https://pixaroid.vercel.app/tools/social-tools/youtube-thumbnail-maker/,yes,"index,follow,max-snippet:-1,max-image-preview:large,max-video-preview:-1",no,no,,high
/tools/utilities/base64-to-image,200,https://pixaroid.vercel.app/tools/utilities/base64-to-image/,https://pixaroid.vercel.app/tools/utilities/base64-to-image/,yes,"index,follow,max-snippet:-1,max-image-preview:large,max-video-preview:-1",no,no,,high
/tools/utilities/color-palette-generator,200,https://pixaroid.vercel.app/tools/utilities/color-palette-generator/,https://pixaroid.vercel.app/tools/utilities/color-palette-generator/,yes,"index,follow,max-snippet:-1,max-image-preview:large,max-video-preview:-1",no,no,,high
/tools/utilities/dominant-color-extractor,200,https://pixaroid.vercel.app/tools/utilities/dominant-color-extractor/,https://pixaroid.vercel.app/tools/utilities/dominant-color-extractor/,yes,"index,follow,max-snippet:-1,max-image-preview:large,max-video-preview:-1",no,no,,high
/tools/utilities/image-aspect-ratio-calculator,200,https://pixaroid.vercel.app/tools/utilities/image-aspect-ratio-calculator/,https://pixaroid.vercel.app/tools/utilities/image-aspect-ratio-calculator/,yes,"index,follow,max-snippet:-1,max-image-preview:large,max-video-preview:-1",no,no,,high
/tools/utilities/image-dimension-checker,200,https://pixaroid.vercel.app/tools/utilities/image-dimension-checker/,https://pixaroid.vercel.app/tools/utilities/image-dimension-checker/,yes,"index,follow,max-snippet:-1,max-image-preview:large,max-video-preview:-1",no,no,,high
/tools/utilities/image-format-checker,200,https://pixaroid.vercel.app/tools/utilities/image-format-checker/,https://pixaroid.vercel.app/tools/utilities/image-format-checker/,yes,"index,follow,max-snippet:-1,max-image-preview:large,max-video-preview:-1",no,no,,high
/tools/utilities/image-metadata-viewer,200,https://pixaroid.vercel.app/tools/utilities/image-metadata-viewer/,https://pixaroid.vercel.app/tools/utilities/image-metadata-viewer/,yes,"index,follow,max-snippet:-1,max-image-preview:large,max-video-preview:-1",no,no,,high
/tools/utilities/image-size-checker,200,https://pixaroid.vercel.app/tools/utilities/image-size-checker/,https://pixaroid.vercel.app/tools/utilities/image-size-checker/,yes,"index,follow,max-snippet:-1,max-image-preview:large,max-video-preview:-1",no,no,,high
/tools/utilities/image-to-base64,200,https://pixaroid.vercel.app/tools/utilities/image-to-base64/,https://pixaroid.vercel.app/tools/utilities/image-to-base64/,yes,"index,follow,max-snippet:-1,max-image-preview:large,max-video-preview:-1",no,no,,high
/tools/utilities,200,https://pixaroid.vercel.app/tools/utilities/,https://pixaroid.vercel.app/tools/utilities/,yes,,no,no,,high
